Заявка;Тип заявки BK;Статус BK;Тип заявки HD;Начало;Окончание;Район;Адрес;Бригада;Подключение;Гигабитное подключение
305825870;Локальная заявка;Отправлена;Нет линка;17.08.2026 14:00;17.08.2026 16:00;Рязанский;Город Москва, ул.Луховицкая, д. 5;Бригада Семёнов;;Нет
305873811;Подключение;Выполнена;Конвергенция абонента;17.08.2026 10:00;17.08.2026 12:00;Бирюлево Восточное;Город Москва, ул.Бирюлёвская, д. 2, кв. 18;Бригада Виноградов;FMC;Нет
305879013;Локальная заявка;Отправлена;Работа с кабелем;17.08.2026 20:00;17.08.2026 22:00;Рязанский;Город Москва, проезд.4-й Вешняковский, д. 8;Бригада Орлов;;Нет
305999040;Локальная заявка;Выполнена;Нет линка;17.08.2026 14:00;17.08.2026 16:00;Нижегородский;Город Москва, ул.Нижегородская, д. 70 к 2;Бригада Волков;;Нет
305842558;Локальная заявка;Выполнена;Низкая скорость;17.08.2026 14:00;17.08.2026 16:00;Нагорный;Город Москва, ш.Варшавское, д. 84;Бригада Ильин;;Нет
305827285;Глобальная проблема;Отправлена;Авария;17.08.2026 14:00;17.08.2026 16:00;Нагатинский Затон;Город Москва, ул.Судостроительная, д. 11 к 1;Бригада Титов;;Нет
305862162;Локальная заявка;Выполнена;Нет линка;17.08.2026 14:00;17.08.2026 16:00;Даниловский;Город Москва, ул.Хавская, д. 24;Бригада Баранов;;Нет
305926568;Локальная заявка;Выполнена;ТВ. Замена приставки техником;17.08.2026 20:00;17.08.2026 22:00;Домодедово;Домодедово, ул.Преображенская, д. 22;Бригада Воробьёв;;Нет
305996649;Подключение;Отправлена;Конвергенция абонента;17.08.2026 16:00;17.08.2026 18:00;Басманный;Город Москва, ул.Покровка, д. 27 с 1, кв. 18;Бригада Соловьёв;FMC;Нет
305850074;Локальная заявка;Выполнена;Нет линка;17.08.2026 18:00;17.08.2026 20:00;Братеево;Город Москва, ул.Алма-Атинская, д. 3 к 1;Бригада Михайлов;;Нет
305856001;Локальная заявка;В пути;Нет линка;17.08.2026 12:00;17.08.2026 14:00;Царицыно;Город Москва, ул.Каспийская, д. 10;Бригада Голубев;;Нет
305886180;Глобальная проблема;Выполнена;Авария;17.08.2026 20:00;17.08.2026 22:00;Текстильщики;Город Москва, ул.Грайвороновская, д. 16 к 4;Бригада Новиков;;Нет
305918700;Подключение;Отправлена;Конвергенция абонента;17.08.2026 18:00;17.08.2026 20:00;Таганский;Город Москва, проезд.Сибирский, д. 2 с 4, кв. 168;Бригада Воронин;FMC;Нет
305892281;Подключение;Выполнена;Заказ подключения/Дозаказ оборудования;17.08.2026 16:00;17.08.2026 18:00;Котловка;Город Москва, ул.Нагорная, д. 18 к 3, кв. 155;Бригада Гусев;;Нет
305887818;Подключение;В работе;Конвергенция абонента;17.08.2026 10:00;17.08.2026 12:00;Бирюлево Западное;Город Москва, ул.Харьковская, д. 1 к 2, кв. 236;Бригада Беляев;FMC;Нет
305931555;Глобальная проблема;Выполнена;Авария;17.08.2026 16:00;17.08.2026 18:00;Орехово Борисово Южное;Город Москва, ул.Генерала Белова, д. 28 к 1;Бригада Белов;;Нет
305833358;Подключение;Отправлена;Конвергенция абонента;17.08.2026 20:00;17.08.2026 22:00;Кашира;Кашира, ул.Новая, д. 13А, кв. 136;Бригада Богданов;FMC;Нет
305959918;Подключение;Выполнена;Конвергенция абонента;17.08.2026 10:00;17.08.2026 12:00;Нагатино - Садовники;Город Москва, наб.Нагатинская, д. 10 к 1, кв. 120;Бригада Титов;FMC;Нет
305912226;Подключение;Выполнена;Конвергенция абонента;17.08.2026 14:00;17.08.2026 16:00;Выхино;Город Москва, ул.Маршала Полубоярова, д. 26, кв. 123;Бригада Павлов;FMC;Нет
305993239;Подключение;Выполнена;Конвергенция абонента;17.08.2026 12:00;17.08.2026 14:00;Гагаринский;Город Москва, ул.Косыгина, д. 7, кв. 136;Бригада Жуков;FMC;Нет
305938431;Локальная заявка;Выполнена;Низкая скорость;17.08.2026 20:00;17.08.2026 22:00;Зябликово;Город Москва, проезд.Ореховый, д. 13 к 2;Бригада Тарасов;;Нет
305929951;Подключение;Выполнена;Конвергенция абонента;17.08.2026 10:00;17.08.2026 12:00;Братеево;Город Москва, ул.Борисовские Пруды, д. 16 к 1, кв. 134;Бригада Михайлов;FMC;Нет
305906730;Подключение;Отменена;Конвергенция абонента;17.08.2026 16:00;17.08.2026 18:00;Бирюлево Восточное;Город Москва, ул.Касимовская, д. 15, кв. 31;Бригада Виноградов;FMC;Нет
305803123;Локальная заявка;Просрочена;Роутер. Замена техническим специалистом;17.08.2026 10:00;17.08.2026 12:00;Хамовники;Город Москва, ул.Пречистенка, д. 28;Бригада Куликов;;Нет
305963987;Локальная заявка;Выполнена;Нет линка;17.08.2026 10:00;17.08.2026 12:00;Даниловский;Город Москва, ул.Серпуховский Вал, д. 22 к 1;Бригада Баранов;;Нет
305998723;Подключение;Выполнена;Конвергенция абонента;17.08.2026 12:00;17.08.2026 14:00;Орехово Борисово Северное;Город Москва, ш.Каширское, д. 94 к 2, кв. 251;Бригада Белов;FMC;Нет
305837396;Подключение;Выполнена;Конвергенция абонента;17.08.2026 14:00;17.08.2026 16:00;Зябликово;Город Москва, проезд.Ореховый, д. 31, кв. 84;Бригада Тарасов;FMC;Нет
305909221;Локальная заявка;Отправлена;Нет линка;17.08.2026 18:00;17.08.2026 20:00;Басманный;Город Москва, ул.Новая Басманная, д. 29 с 3;Бригада Морозов;;Нет
305855377;Дозаказ;Отправлена;Дозаказ оборудования;17.08.2026 10:00;17.08.2026 12:00;Текстильщики;Город Москва, пр-кт.Волгоградский, д. 61, кв. 246;Бригада Новиков;;Нет
305870841;Подключение;Выполнена;Заказ подключения/Дозаказ оборудования;17.08.2026 12:00;17.08.2026 14:00;Зюзино;Город Москва, пр-кт.Балаклавский, д. 38, кв. 222;Бригада Сорокин;;Нет
305806857;Дозаказ;Отправлена;Дозаказ оборудования;17.08.2026 14:00;17.08.2026 16:00;Нижегородский;Город Москва, пр-кт.Рязанский, д. 35, кв. 119;Бригада Семёнов;;Нет
305843114;Подключение;Просрочена;Конвергенция абонента;17.08.2026 20:00;17.08.2026 22:00;Бирюлево Восточное;Город Москва, проезд.Михневский, д. 4, кв. 126;Бригада Беляев;FMC;Нет
305807225;Подключение;Выполнена;Конвергенция абонента;17.08.2026 14:00;17.08.2026 16:00;Кузьминки;Город Москва, ул.Юных Ленинцев, д. 47 к 2, кв. 168;Бригада Новиков;FMC;Нет
305801838;Подключение;Выполнена;Конвергенция абонента;17.08.2026 10:00;17.08.2026 12:00;Бирюлево Западное;Город Москва, проезд.Востряковский, д. 17 к 4, кв. 23;Бригада Беляев;FMC;Нет
305986547;Глобальная проблема;Выполнена;Авария;17.08.2026 0:01;17.08.2026 23:59;Бирюлево Восточное;Город Москва, ул.Загорьевская, д. 10 к 2;Бригада Беляев;;Нет
305935693;Дозаказ;Отправлена;Дозаказ оборудования;17.08.2026 10:00;17.08.2026 12:00;Кузьминки;Город Москва, ул.Окская, д. 36 к 2, кв. 227;Бригада Семёнов;;Нет
305960499;Глобальная проблема;Выполнена;Информация;17.08.2026 16:00;17.08.2026 18:00;Рязанский;Город Москва, пер.Мещёрский, д. 6 к 2;Бригада Орлов;;Нет
305863768;Локальная заявка;Отменена;Нет линка;17.08.2026 10:00;17.08.2026 12:00;Кашира;Кашира, ул.Первомайская, д. 17;Бригада Богданов;;Нет
305874267;Подключение;Отменена;Конвергенция абонента;17.08.2026 14:00;17.08.2026 16:00;Кашира;Кашира, ул.Крестьянская, д. 13, кв. 186;Бригада Богданов;FMC;Нет
305879319;Локальная заявка;Отправлена;Переключение на Гбит/с;17.08.2026 12:00;17.08.2026 14:00;Замоскворечье;Город Москва, ул.Летниковская, д. 6 к 4;Бригада Баранов;;Да
305869055;Локальная заявка;В пути;Роутер. Замена техническим специалистом;17.08.2026 14:00;17.08.2026 16:00;Таганский;Город Москва, ул.Динамовская, д. 10 к 1;Бригада Воронин;;Нет
305882798;Подключение;Выполнена;Конвергенция абонента;17.08.2026 14:00;17.08.2026 16:00;Хамовники;Город Москва, пер.Земледельческий, д. 18, кв. 158;Бригада Куликов;FMC;Нет
305896822;Подключение;Выполнена;Конвергенция абонента;17.08.2026 20:00;17.08.2026 22:00;Зюзино;Город Москва, ул.Каховка, д. 9 к 2, кв. 6;Бригада Сорокин;FMC;Нет
305916180;Локальная заявка;Выполнена;Нет линка;17.08.2026 12:00;17.08.2026 14:00;Орехово Борисово Южное;Город Москва, ул.Генерала Белова, д. 49 к 3;Бригада Белов;;Нет
305905886;Локальная заявка;В пути;Нет линка;17.08.2026 18:00;17.08.2026 20:00;Нагатино - Садовники;Город Москва, ш.Варшавское, д. 49 к 1;Бригада Гусев;;Нет
305821814;Подключение;Отменена;Конвергенция абонента;17.08.2026 18:00;17.08.2026 20:00;Царицыно;Город Москва, б-р.Кавказский, д. 38, кв. 102;Бригада Голубев;FMC;Нет
305832672;Подключение;Выполнена;Заявка на подключение;17.08.2026 10:00;17.08.2026 12:00;Кашира;Кашира, ул.Коммунистическая, д. 53, кв. 37;Бригада Богданов;;Нет
305964216;Локальная заявка;Просрочена;Работа с кабелем;17.08.2026 14:00;17.08.2026 16:00;Кашира;Кашира, ул.Ямская Слобода, д. 62;Бригада Киселёв;;Нет
305852509;Подключение;Отправлена;Конвергенция абонента;17.08.2026 16:00;17.08.2026 18:00;Домодедово;Домодедово, ул.Октябрьская, д. 4Б, кв. 144;Бригада Воробьёв;FMC;Нет
305885336;Подключение;Отправлена;Конвергенция абонента;17.08.2026 16:00;17.08.2026 18:00;Нагатинский Затон;Город Москва, ул.Судостроительная, д. 1 к 2, кв. 193;Бригада Титов;FMC;Нет
305940662;Подключение;Выполнена;Конвергенция абонента;17.08.2026 10:00;17.08.2026 12:00;Нижегородский;Город Москва, ул.Новохохловская, д. 4, кв. 272;Бригада Волков;FMC;Нет
305815681;Подключение;Отменена;Конвергенция абонента;17.08.2026 12:00;17.08.2026 14:00;Выхино;Город Москва, б-р.Жулебинский, д. 14, кв. 51;Бригада Павлов;FMC;Нет
305976919;Подключение;Отменена;Конвергенция абонента;17.08.2026 14:00;17.08.2026 16:00;Нагатино - Садовники;Город Москва, проезд.Каширский, д. 9 к 3, кв. 33;Бригада Ильин;FMC;Нет
305929621;Подключение;Отправлена;Конвергенция абонента;17.08.2026 10:00;17.08.2026 12:00;Кашира;Кашира, ул.Андреева, д. 14, кв. 248;Бригада Киселёв;FMC;Нет
305880664;Локальная заявка;В работе;Разрывы;17.08.2026 18:00;17.08.2026 20:00;Хамовники;Город Москва, ул.Кооперативная, д. 4 к 11;Бригада Куликов;;Нет
305953737;Подключение;Выполнена;Конвергенция абонента;17.08.2026 12:00;17.08.2026 14:00;Бирюлево Восточное;Город Москва, ул.Бирюлёвская, д. 32, кв. 12;Бригада Виноградов;FMC;Нет
305996476;Подключение;Выполнена;Конвергенция абонента;17.08.2026 14:00;17.08.2026 16:00;Южнопортовый;Город Москва, ул.Сайкина, д. 1 к 1, кв. 159;Бригада Зайцев;FMC;Нет
305844205;Глобальная проблема;Выполнена;Авария;17.08.2026 0:01;17.08.2026 23:59;Бирюлево Восточное;Город Москва, ул.Бирюлёвская, д. 24 к 1;Бригада Виноградов;;Нет
305924499;Дозаказ;Отправлена;Дозаказ оборудования;17.08.2026 14:00;17.08.2026 16:00;Таганский;Город Москва, ул.Талалихина, д. 3, кв. 249;Бригада Воронин;;Нет
305928983;Глобальная проблема;Отправлена;Авария;17.08.2026 10:00;17.08.2026 12:00;Нагатино - Садовники;Город Москва, ул.Академика Миллионщикова, д. 11;Бригада Титов;;Нет
305895832;Подключение;Отменена;Конвергенция абонента;17.08.2026 14:00;17.08.2026 16:00;Домодедово;Домодедово, ул.Корнеева, д. 44, кв. 154;Бригада Воробьёв;FMC;Нет
305937823;Локальная заявка;Выполнена;TVE/ENT. Замена приставки техником;17.08.2026 10:00;17.08.2026 12:00;Басманный;Город Москва, ул.Покровка, д. 41 с 2;Бригада Соловьёв;;Нет
305996699;Подключение;Выполнена;Конвергенция абонента;17.08.2026 12:00;17.08.2026 14:00;Орехово Борисово Южное;Город Москва, ул.Ясеневая, д. 19 к 3, кв. 52;Бригада Белов;FMC;Нет
305851357;Локальная заявка;Выполнена;Нет линка;17.08.2026 14:00;17.08.2026 16:00;Гагаринский;Город Москва, пр-кт.60-летия Октября, д. 5 к 4;Бригада Жуков;;Нет
305900510;Подключение;Отправлена;Конвергенция абонента;17.08.2026 12:00;17.08.2026 14:00;Академический;Город Москва, ул.Кедрова, д. 8 к 3, кв. 76;Бригада Жуков;FMC;Нет
305802146;Подключение;Отправлена;Конвергенция абонента;17.08.2026 10:00;17.08.2026 12:00;Таганский;Город Москва, ул.Земляной Вал, д. 64 с 2, кв. 150;Бригада Соловьёв;FMC;Нет
305941217;Подключение;Выполнена;Конвергенция абонента;17.08.2026 12:00;17.08.2026 14:00;Лефортово;Город Москва, ул.Авиамоторная, д. 4 к 2, кв. 229;Бригада Лебедев;FMC;Нет
305880820;Подключение;В работе;Конвергенция абонента;17.08.2026 18:00;17.08.2026 20:00;Академический;Город Москва, ул.Дмитрия Ульянова, д. 8 к 2, кв. 19;Бригада Жуков;FMC;Нет
305919370;Глобальная проблема;Выполнена;Авария;17.08.2026 0:01;17.08.2026 23:59;Нижегородский;Город Москва, ул.Нижняя Хохловка, д. 8;Бригада Волков;;Нет
305986184;Подключение;Отправлена;Конвергенция абонента;17.08.2026 18:00;17.08.2026 20:00;Кузьминки;Город Москва, ул.Юных Ленинцев, д. 76, кв. 79;Бригада Орлов;FMC;Нет
305941340;Подключение;Отменена;Конвергенция абонента;17.08.2026 12:00;17.08.2026 14:00;Выхино;Город Москва, ул.Авиаконструктора Миля, д. 15 к 1, кв. 4;Бригада Павлов;FMC;Нет
305804010;Подключение;Выполнена;Конвергенция абонента;17.08.2026 12:00;17.08.2026 14:00;Кузьминки;Город Москва, ул.Юных Ленинцев, д. 123, кв. 46;Бригада Орлов;FMC;Нет
305940575;Локальная заявка;Выполнена;Низкая скорость;17.08.2026 14:00;17.08.2026 16:00;Таганский;Город Москва, ул.Рогожский Вал, д. 11 к 2;Бригада Воронин;;Нет
305993550;Подключение;Выполнена;Конвергенция абонента;17.08.2026 10:00;17.08.2026 12:00;Выхино;Город Москва, проезд.Привольный, д. 11, кв. 260;Бригада Павлов;FMC;Нет
305921257;Локальная заявка;Выполнена;Низкая скорость;17.08.2026 18:00;17.08.2026 20:00;Академический;Город Москва, ул.Винокурова, д. 15 к 2;Бригада Гусев;;Нет
305865529;Глобальная проблема;Отправлена;Информация;17.08.2026 10:00;17.08.2026 12:00;Кашира;Кашира, ул.Чичерина, д. 20;Бригада Киселёв;;Нет
305969496;Локальная заявка;Выполнена;Нет линка;17.08.2026 20:00;17.08.2026 22:00;Хамовники;Город Москва, наб.Саввинская, д. 7 с 3;Бригада Куликов;;Нет
305839755;Подключение;Выполнена;Конвергенция абонента;17.08.2026 12:00;17.08.2026 14:00;Царицыно;Город Москва, ул.Кантемировская, д. 35А к 1, кв. 16;Бригада Голубев;FMC;Нет
305839189;Подключение;Выполнена;Конвергенция абонента;17.08.2026 10:00;17.08.2026 12:00;Академический;Город Москва, ул.Большая Черёмушкинская, д. 8 к 1, кв. 104;Бригада Гусев;FMC;Нет
305914266;Подключение;Выполнена;Конвергенция абонента;17.08.2026 16:00;17.08.2026 18:00;Царицыно;Город Москва, ул.Ереванская, д. 7 к 2, кв. 138;Бригада Голубев;FMC;Нет
305825832;Подключение;Отправлена;Конвергенция абонента;17.08.2026 16:00;17.08.2026 18:00;Текстильщики;Город Москва, ул.Юных Ленинцев, д. 29, кв. 59;Бригада Новиков;FMC;Нет
305867488;Подключение;Выполнена;Конвергенция абонента;17.08.2026 20:00;17.08.2026 22:00;Даниловский;Город Москва, ул.Симоновский Вал, д. 22 к 4, кв. 189;Бригада Баранов;FMC;Нет
305860288;Подключение;Выполнена;Конвергенция абонента;17.08.2026 16:00;17.08.2026 18:00;Гагаринский;Город Москва, пр-кт.60-летия Октября, д. 5 к 2, кв. 89;Бригада Жуков;FMC;Нет
305922519;Локальная заявка;Выполнена;Нет линка;17.08.2026 18:00;17.08.2026 20:00;Текстильщики;Город Москва, б-р.Волжский, д. 20А;Бригада Новиков;;Нет
305820147;Подключение;Выполнена;Конвергенция абонента;17.08.2026 12:00;17.08.2026 14:00;Ступино;Ступино, ул.Пушкина, д. 63, кв. 278;Бригада Комаров;FMC;Нет
305855830;Локальная заявка;Отправлена;Нет линка;17.08.2026 16:00;17.08.2026 18:00;Нагорный;Город Москва, ш.Варшавское, д. 77 к 1;Бригада Ильин;;Нет
305844651;Локальная заявка;Просрочена;IP-адрес 169...;17.08.2026 18:00;17.08.2026 20:00;Академический;Город Москва, ул.Кедрова, д. 4 к 1;Бригада Жуков;;Нет
305935066;Дозаказ;Отправлена;Дозаказ оборудования;17.08.2026 18:00;17.08.2026 20:00;Москворечье - Сабурово;Город Москва, ул.Москворечье, д. 11, кв. 259;Бригада Фёдоров;;Нет
305911940;Подключение;Выполнена;Заказ подключения/Дозаказ оборудования;17.08.2026 12:00;17.08.2026 14:00;Орехово Борисово Северное;Город Москва, ул.Маршала Захарова, д. 27, кв. 277;Бригада Белов;;Нет
305838936;Локальная заявка;Отправлена;Работа с кабелем;17.08.2026 14:00;17.08.2026 16:00;Академический;Город Москва, ул.Новочерёмушкинская, д. 26;Бригада Ковалёв;;Нет
305839564;Подключение;Выполнена;Конвергенция абонента;17.08.2026 12:00;17.08.2026 14:00;Бирюлево Восточное;Город Москва, ул.Загорьевская, д. 21 к 1, кв. 242;Бригада Беляев;FMC;Нет
305830792;Локальная заявка;Выполнена;Нет линка;17.08.2026 16:00;17.08.2026 18:00;Кашира;Кашира, ул.Первомайская, д. 1А;Бригада Киселёв;;Нет
305971408;Подключение;Выполнена;Конвергенция абонента;17.08.2026 12:00;17.08.2026 14:00;Даниловский;Город Москва, проезд.3-й Павелецкий, д. 11А, кв. 244;Бригада Баранов;FMC;Нет
305942536;Локальная заявка;Выполнена;Нет линка;17.08.2026 12:00;17.08.2026 14:00;Лефортово;Город Москва, пер.Слободской, д. 2;Бригада Морозов;;Нет
305973866;Подключение;Отменена;Конвергенция абонента;17.08.2026 12:00;17.08.2026 14:00;Зябликово;Город Москва, проезд.Ореховый, д. 9, кв. 141;Бригада Тарасов;FMC;Нет
305861908;Локальная заявка;Выполнена;Рост ошибок на порту;17.08.2026 10:00;17.08.2026 12:00;Бирюлево Восточное;Город Москва, ул.Касимовская, д. 5;Бригада Виноградов;;Нет
305885926;Локальная заявка;Просрочена;Переключение на Гбит/с;17.08.2026 18:00;17.08.2026 20:00;Кашира;Кашира, ул.Металлистов, д. 22;Бригада Киселёв;;Да
305888935;Подключение;Выполнена;Конвергенция абонента;17.08.2026 16:00;17.08.2026 18:00;Южнопортовый;Город Москва, ул.Шарикоподшипниковская, д. 18, кв. 164;Бригада Зайцев;FMC;Нет
305884329;Подключение;Отправлена;Конвергенция абонента;17.08.2026 10:00;17.08.2026 12:00;Орехово Борисово Северное;Город Москва, ул.Домодедовская, д. 6 к 2, кв. 35;Бригада Белов;FMC;Нет
305923656;Дозаказ;Отправлена;Дозаказ оборудования;17.08.2026 20:00;17.08.2026 22:00;Кузьминки;Город Москва, ул.Юных Ленинцев, д. 70, кв. 240;Бригада Орлов;;Нет
305997126;Подключение;Выполнена;Заказ подключения/Дозаказ оборудования;17.08.2026 10:00;17.08.2026 12:00;Текстильщики;Город Москва, ул.8-я Текстильщиков, д. 5А, кв. 151;Бригада Новиков;;Нет
305979535;Подключение;Выполнена;Заказ подключения/Дозаказ оборудования;17.08.2026 10:00;17.08.2026 12:00;Домодедово;Домодедово, ул.Чкалова, д. 8, кв. 217;Бригада Воробьёв;;Нет
305887620;Подключение;Выполнена;Конвергенция абонента;17.08.2026 10:00;17.08.2026 12:00;Кашира;Кашира, ул.Первомайская, д. 17, кв. 136;Бригада Богданов;FMC;Нет
305929161;Глобальная проблема;Выполнена;Информация;17.08.2026 16:00;17.08.2026 18:00;Бирюлево Западное;Город Москва, ул.Медынская, д. 1 к 2;Бригада Виноградов;;Нет
305813579;Локальная заявка;Отменена;Нет линка;17.08.2026 18:00;17.08.2026 20:00;Текстильщики;Город Москва, б-р.Волжский, д. 8 к 1;Бригада Новиков;;Нет
305866834;Дозаказ;Отправлена;Дозаказ оборудования;17.08.2026 20:00;17.08.2026 22:00;Кашира;Кашира, ул.Приовражная, д. 12, кв. 178;Бригада Богданов;;Нет
305974886;Подключение;Выполнена;Конвергенция абонента;17.08.2026 18:00;17.08.2026 20:00;Кузьминки;Город Москва, ул.Окская, д. 36 к 4, кв. 55;Бригада Семёнов;FMC;Нет
305877132;Локальная заявка;Выполнена;Нет линка;17.08.2026 14:00;17.08.2026 16:00;Таганский;Город Москва, ул.Рогожский Вал, д. 6;Бригада Воронин;;Нет
305888432;Глобальная проблема;Отправлена;Авария;17.08.2026 14:00;17.08.2026 16:00;Текстильщики;Город Москва, ул.Малышева, д. 30;Бригада Семёнов;;Нет
305970396;Подключение;Выполнена;Конвергенция абонента;17.08.2026 14:00;17.08.2026 16:00;Нагатино - Садовники;Город Москва, ш.Варшавское, д. 59 к 4, кв. 72;Бригада Гусев;FMC;Нет
305875624;Глобальная проблема;Отправлена;Авария;17.08.2026 10:00;17.08.2026 12:00;Академический;Город Москва, ул.Новочерёмушкинская, д. 11 к 1;Бригада Ковалёв;;Нет
305868770;Локальная заявка;Выполнена;Нет линка;17.08.2026 10:00;17.08.2026 12:00;Лефортово;Город Москва, ул.Наличная, д. 3;Бригада Лебедев;;Нет
305906019;Подключение;Выполнена;Конвергенция абонента;17.08.2026 18:00;17.08.2026 20:00;Хамовники;Город Москва, ул.Пречистенка, д. 15, кв. 113;Бригада Куликов;FMC;Нет
305877772;Дозаказ;Отправлена;Дозаказ оборудования;17.08.2026 14:00;17.08.2026 16:00;Академический;Город Москва, ул.Большая Черёмушкинская, д. 20 к 2, кв. 27;Бригада Ковалёв;;Нет
305942763;Локальная заявка;В работе;Низкая скорость;17.08.2026 20:00;17.08.2026 22:00;Зюзино;Город Москва, ул.Перекопская, д. 11 к 4;Бригада Сорокин;;Нет
305994903;Подключение;Отменена;Конвергенция абонента;17.08.2026 16:00;17.08.2026 18:00;Академический;Город Москва, ул.Новочерёмушкинская, д. 24 к 1, кв. 157;Бригада Ковалёв;FMC;Нет
305833606;Подключение;Отправлена;Конвергенция абонента;17.08.2026 10:00;17.08.2026 12:00;Царицыно;Город Москва, ул.Ереванская, д. 16 к 3, кв. 190;Бригада Голубев;FMC;Нет
305998607;Подключение;В пути;Конвергенция абонента;17.08.2026 16:00;17.08.2026 18:00;Южнопортовый;Город Москва, ул.Шарикоподшипниковская, д. 40, кв. 213;Бригада Зайцев;FMC;Нет
305904852;Подключение;Выполнена;Заказ подключения/Дозаказ оборудования;17.08.2026 20:00;17.08.2026 22:00;Нижегородский;Город Москва, ул.Нижегородская, д. 78 к 2, кв. 278;Бригада Волков;;Нет
305999263;Подключение;Выполнена;Конвергенция абонента;17.08.2026 16:00;17.08.2026 18:00;Зябликово;Город Москва, ул.Мусы Джалиля, д. 8 к 4, кв. 271;Бригада Тарасов;FMC;Нет
305861768;Подключение;В работе;Конвергенция абонента;17.08.2026 10:00;17.08.2026 12:00;Орехово Борисово Северное;Город Москва, проезд.Шипиловский, д. 43 к 2, кв. 74;Бригада Белов;FMC;Нет
305944014;Глобальная проблема;Выполнена;Авария;17.08.2026 0:01;17.08.2026 23:59;Таганский;Город Москва, пр-кт.Волгоградский, д. 9 с 1;Бригада Воронин;;Нет
305950678;Глобальная проблема;Отправлена;Информация;17.08.2026 0:01;17.08.2026 23:59;Нагатинский Затон;Город Москва, пр-кт.Андропова, д. 31 к 4;Бригада Титов;;Нет
305916009;Локальная заявка;Отправлена;Разрывы;17.08.2026 14:00;17.08.2026 16:00;Кашира;Кашира, пл.Облог, д. 6;Бригада Богданов;;Нет
305881400;Подключение;Отправлена;Конвергенция абонента;17.08.2026 12:00;17.08.2026 14:00;Домодедово;Домодедово, ул.Ломоносова, д. 20А, кв. 132;Бригада Воробьёв;FMC;Нет
305829573;Локальная заявка;Выполнена;Нет линка;17.08.2026 12:00;17.08.2026 14:00;Кузьминки;Город Москва, пр-кт.Волгоградский, д. 131 к 3;Бригада Орлов;;Нет
305965750;Локальная заявка;Выполнена;Разрывы;17.08.2026 18:00;17.08.2026 20:00;Нагатинский Затон;Город Москва, пр-кт.Андропова, д. 33;Бригада Титов;;Нет
305934740;Локальная заявка;Отправлена;Работа с кабелем;17.08.2026 12:00;17.08.2026 14:00;Нагатинский Затон;Город Москва, ул.Затонная, д. 2 к 2;Бригада Кудрявцев;;Нет
305819088;Локальная заявка;Отправлена;Разрывы;17.08.2026 12:00;17.08.2026 14:00;Академический;Город Москва, ул.Большая Черёмушкинская, д. 36 к 3;Бригада Ковалёв;;Нет
305883125;Подключение;Просрочена;Заказ подключения/Дозаказ оборудования;17.08.2026 14:00;17.08.2026 16:00;Бирюлево Восточное;Город Москва, ул.Липецкая, д. 4 к 1, кв. 131;Бригада Беляев;;Нет
305819321;Подключение;Отменена;Заявка на подключение;17.08.2026 16:00;17.08.2026 18:00;Домодедово;Домодедово, ул.Красная, д. 35, кв. 68;Бригада Воробьёв;;Нет
305901826;Подключение;Просрочена;Конвергенция абонента;17.08.2026 12:00;17.08.2026 14:00;Зябликово;Город Москва, ул.Кустанайская, д. 14 к 1, кв. 124;Бригада Тарасов;FMC;Нет
305869741;Глобальная проблема;Выполнена;Авария;17.08.2026 0:01;17.08.2026 23:59;Академический;Город Москва, пр-кт.Нахимовский, д. 40;Бригада Ковалёв;;Нет
305837630;Локальная заявка;Выполнена;Переключение на Гбит/с;17.08.2026 16:00;17.08.2026 18:00;Нагатинский Затон;Город Москва, ул.Судостроительная, д. 3 к 1;Бригада Титов;;Да
305833686;Подключение;Отменена;Конвергенция абонента;17.08.2026 14:00;17.08.2026 16:00;Орехово Борисово Южное;Город Москва, проезд.Гурьевский, д. 15 к 1, кв. 139;Бригада Михайлов;FMC;Нет
305870037;Подключение;Отменена;Конвергенция абонента;17.08.2026 10:00;17.08.2026 12:00;Текстильщики;Город Москва, б-р.Волжский, д. 12 к 3, кв. 59;Бригада Новиков;FMC;Нет
305863910;Локальная заявка;Выполнена;Низкая скорость;17.08.2026 10:00;17.08.2026 12:00;Москворечье - Сабурово;Город Москва, ш.Каширское, д. 55 к 2;Бригада Михайлов;;Нет
305970210;Подключение;В работе;Конвергенция абонента;17.08.2026 12:00;17.08.2026 14:00;Нижегородский;Город Москва, ул.Газгольдерная, д. 6А, кв. 186;Бригада Волков;FMC;Нет
305858209;Локальная заявка;В пути;Нет линка;17.08.2026 10:00;17.08.2026 12:00;Нижегородский;Город Москва, ул.3-я Карачаровская, д. 14 к 1;Бригада Волков;;Нет
305870630;Подключение;Выполнена;Конвергенция абонента;17.08.2026 10:00;17.08.2026 12:00;Лефортово;Город Москва, ул.Сторожевая, д. 38, кв. 132;Бригада Лебедев;FMC;Нет
305997892;Локальная заявка;Выполнена;Нет линка;17.08.2026 10:00;17.08.2026 12:00;Нагатинский Затон;Город Москва, ул.Новинки, д. 13;Бригада Титов;;Нет
305832175;Локальная заявка;Отменена;Переключение на Гбит/с;17.08.2026 20:00;17.08.2026 22:00;Выхино;Город Москва, проезд.Жулебинский, д. 6;Бригада Павлов;;Да
305815295;Локальная заявка;Просрочена;Работа с кабелем;17.08.2026 16:00;17.08.2026 18:00;Выхино;Город Москва, ул.Привольная, д. 9 к 1;Бригада Павлов;;Нет
305865704;Подключение;Отменена;Конвергенция абонента;17.08.2026 14:00;17.08.2026 16:00;Братеево;Город Москва, ул.Ключевая, д. 22 к 1, кв. 155;Бригада Михайлов;FMC;Нет
305980700;Подключение;Отправлена;Конвергенция абонента;17.08.2026 18:00;17.08.2026 20:00;Замоскворечье;Город Москва, пер.4-й Монетчиковский, д. 9 с 1, кв. 218;Бригада Баранов;FMC;Нет
305990490;Подключение;Выполнена;Конвергенция абонента;17.08.2026 12:00;17.08.2026 14:00;Зюзино;Город Москва, ул.Болотниковская, д. 38 к 1, кв. 226;Бригада Сорокин;FMC;Нет
305801954;Локальная заявка;Просрочена;Нет линка;17.08.2026 14:00;17.08.2026 16:00;Басманный;Город Москва, пер.Лялин, д. 20;Бригада Соловьёв;;Нет
305978503;Глобальная проблема;Выполнена;Авария;17.08.2026 0:01;17.08.2026 23:59;Домодедово;Домодедово, ул.Красная, д. 40;Бригада Воробьёв;;Нет
305929282;Подключение;Выполнена;Конвергенция абонента;17.08.2026 12:00;17.08.2026 14:00;Бирюлево Восточное;Город Москва, ул.Липецкая, д. 20, кв. 123;Бригада Беляев;FMC;Нет
305952582;Локальная заявка;Выполнена;ТВ. Замена приставки техником;17.08.2026 20:00;17.08.2026 22:00;Котловка;Город Москва, пр-кт.Севастопольский, д. 51 к 5 с 2;Бригада Сорокин;;Нет
305875674;Подключение;Выполнена;Конвергенция абонента;17.08.2026 14:00;17.08.2026 16:00;Орехово Борисово Южное;Город Москва, ш.Каширское, д. 134, кв. 81;Бригада Белов;FMC;Нет
305807846;Локальная заявка;Выполнена;Работа с кабелем;17.08.2026 14:00;17.08.2026 16:00;Нижегородский;Город Москва, ул.Газгольдерная, д. 10;Бригада Волков;;Нет
305820643;Локальная заявка;Выполнена;Работа с кабелем;17.08.2026 12:00;17.08.2026 14:00;Зюзино;Город Москва, ул.Болотниковская, д. 41;Бригада Сорокин;;Нет
305874666;Подключение;Просрочена;Конвергенция абонента;17.08.2026 10:00;17.08.2026 12:00;Кашира;Кашира, проезд.Ямской, д. 34, кв. 16;Бригада Киселёв;FMC;Нет
305966584;Локальная заявка;Выполнена;Нет линка;17.08.2026 10:00;17.08.2026 12:00;Бирюлево Западное;Город Москва, проезд.Харьковский, д. 11 к 2;Бригада Фёдоров;;Нет
305985387;Подключение;Выполнена;Конвергенция абонента;17.08.2026 16:00;17.08.2026 18:00;Гагаринский;Город Москва, наб.Андреевская, д. 1, кв. 20;Бригада Куликов;FMC;Нет
305884317;Подключение;Выполнена;Конвергенция абонента;17.08.2026 12:00;17.08.2026 14:00;Кашира;Кашира, ул.Чичерина, д. 47, кв. 128;Бригада Киселёв;FMC;Нет
305849636;Локальная заявка;Выполнена;Нет линка;17.08.2026 12:00;17.08.2026 14:00;Донской;Город Москва, ш.Варшавское, д. 31;Бригада Гусев;;Нет
305914337;Подключение;Выполнена;Конвергенция абонента;17.08.2026 10:00;17.08.2026 12:00;Зюзино;Город Москва, ул.Болотниковская, д. 46 к 1, кв. 171;Бригада Сорокин;FMC;Нет
305983315;Дозаказ;Отправлена;Дозаказ оборудования;17.08.2026 10:00;17.08.2026 12:00;Кузьминки;Город Москва, ул.Шумилова, д. 13 к 1, кв. 154;Бригада Орлов;;Нет
305946596;Глобальная проблема;Отправлена;Авария;17.08.2026 0:01;17.08.2026 23:59;Зябликово;Город Москва, ул.Кустанайская, д. 7 к 1;Бригада Тарасов;;Нет
305897637;Локальная заявка;Выполнена;Низкая скорость;17.08.2026 16:00;17.08.2026 18:00;Бирюлево Западное;Город Москва, проезд.Булатниковский, д. 16Б;Бригада Беляев;;Нет
305949131;Локальная заявка;Выполнена;Переключение на Гбит/с;17.08.2026 20:00;17.08.2026 22:00;Котловка;Город Москва, пр-кт.Севастопольский, д. 39;Бригада Ковалёв;;Да
305910227;Локальная заявка;Выполнена;Переключение на Гбит/с;17.08.2026 16:00;17.08.2026 18:00;Домодедово;Домодедово, ул.Донская, д. 3;Бригада Воробьёв;;Да
305949954;Подключение;Выполнена;Конвергенция абонента;17.08.2026 16:00;17.08.2026 18:00;Царицыно;Город Москва, ул.Весёлая, д. 4, кв. 272;Бригада Голубев;FMC;Нет
305961673;Подключение;Выполнена;Заказ подключения/Дозаказ оборудования;17.08.2026 14:00;17.08.2026 16:00;Бирюлево Восточное;Город Москва, ул.Донбасская, д. 5, кв. 143;Бригада Виноградов;;Нет
305893558;Подключение;Выполнена;Конвергенция абонента;17.08.2026 12:00;17.08.2026 14:00;Лефортово;Город Москва, ул.3-я Кабельная, д. 2, кв. 232;Бригада Волков;FMC;Нет
305958445;Подключение;Отменена;Конвергенция абонента;17.08.2026 14:00;17.08.2026 16:00;Зябликово;Город Москва, ул.Мусы Джалиля, д. 7 к 4, кв. 174;Бригада Михайлов;FMC;Нет
305854539;Подключение;Отменена;Конвергенция абонента;17.08.2026 10:00;17.08.2026 12:00;Донской;Город Москва, ул.Орджоникидзе, д. 6 к 4, кв. 208;Бригада Куликов;FMC;Нет
305932343;Подключение;Отменена;Конвергенция абонента;17.08.2026 12:00;17.08.2026 14:00;Царицыно;Город Москва, б-р.Кавказский, д. 7, кв. 85;Бригада Голубев;FMC;Нет
305898422;Подключение;Просрочена;Заказ подключения/Дозаказ оборудования;17.08.2026 14:00;17.08.2026 16:00;Зюзино;Город Москва, ул.Малая Юшуньская, д. 6 к 1, кв. 181;Бригада Сорокин;;Нет
305849304;Локальная заявка;Выполнена;Низкая скорость;17.08.2026 14:00;17.08.2026 16:00;Лефортово;Город Москва, ул.Ухтомская, д. 9;Бригада Лебедев;;Нет
305991583;Локальная заявка;Выполнена;Работа с кабелем;17.08.2026 18:00;17.08.2026 20:00;Кашира;Кашира, ул.Приовражная, д. 17;Бригада Богданов;;Нет
305952378;Подключение;Выполнена;Конвергенция абонента;17.08.2026 10:00;17.08.2026 12:00;Басманный;Город Москва, пер.Хохловский, д. 10 с 7, кв. 5;Бригада Соловьёв;FMC;Нет
305937186;Подключение;В пути;Конвергенция абонента;17.08.2026 20:00;17.08.2026 22:00;Зябликово;Город Москва, проезд.Ореховый, д. 35 к 1, кв. 153;Бригада Тарасов;FMC;Нет
305889068;Локальная заявка;Выполнена;Нет линка;17.08.2026 20:00;17.08.2026 22:00;Академический;Город Москва, ул.Новочерёмушкинская, д. 35 к 2;Бригада Ковалёв;;Нет
305943463;Подключение;Просрочена;Заявка на подключение;17.08.2026 20:00;17.08.2026 22:00;Орехово Борисово Северное;Город Москва, ш.Каширское, д. 80 к 1, кв. 66;Бригада Тарасов;;Нет
305931694;Локальная заявка;Отправлена;Нет линка;17.08.2026 16:00;17.08.2026 18:00;Братеево;Город Москва, ул.Паромная, д. 3;Бригада Михайлов;;Нет
305822695;Локальная заявка;В работе;ТВ. Замена приставки техником;17.08.2026 14:00;17.08.2026 16:00;Ступино;Ступино, ул.Андропова, д. 1;Бригада Комаров;;Нет
305917789;Подключение;Отправлена;Конвергенция абонента;17.08.2026 14:00;17.08.2026 16:00;Замоскворечье;Город Москва, наб.Озерковская, д. 44, кв. 36;Бригада Баранов;FMC;Нет
305914694;Подключение;Выполнена;Конвергенция абонента;17.08.2026 12:00;17.08.2026 14:00;Зябликово;Город Москва, проезд.Ореховый, д. 19, кв. 209;Бригада Тарасов;FMC;Нет
305853491;Подключение;Отправлена;Конвергенция абонента;17.08.2026 16:00;17.08.2026 18:00;Рязанский;Город Москва, ул.4-я Новокузьминская, д. 4, кв. 251;Бригада Орлов;FMC;Нет
305908764;Подключение;Выполнена;Конвергенция абонента;17.08.2026 12:00;17.08.2026 14:00;Нагорный;Город Москва, ш.Варшавское, д. 85 к 1, кв. 23;Бригада Ильин;FMC;Нет
305832092;Локальная заявка;Просрочена;Нет линка;17.08.2026 10:00;17.08.2026 12:00;Бирюлево Западное;Город Москва, проезд.Булатниковский, д. 2В к 6;Бригада Виноградов;;Нет
305884239;Подключение;В работе;Конвергенция абонента;17.08.2026 10:00;17.08.2026 12:00;Академический;Город Москва, ул.Большая Черёмушкинская, д. 2 к 2, кв. 263;Бригада Гусев;FMC;Нет
305821211;Локальная заявка;В пути;Нет линка;17.08.2026 16:00;17.08.2026 18:00;Южнопортовый;Город Москва, ул.Сайкина, д. 21;Бригада Зайцев;;Нет
305803171;Локальная заявка;В работе;Рост ошибок на порту;17.08.2026 20:00;17.08.2026 22:00;Таганский;Город Москва, ул.Воронцово Поле, д. 16 с 7;Бригада Соловьёв;;Нет
305941133;Локальная заявка;Отправлена;Разрывы;17.08.2026 14:00;17.08.2026 16:00;Кашира;Кашира, ул.Окская, д. 27;Бригада Богданов;;Нет
305809223;Локальная заявка;Выполнена;Переключение на Гбит/с;17.08.2026 14:00;17.08.2026 16:00;Хамовники;Город Москва, ул.Усачёва, д. 15;Бригада Куликов;;Да
305863596;Глобальная проблема;Отправлена;Информация;17.08.2026 16:00;17.08.2026 18:00;Братеево;Город Москва, ул.Алма-Атинская, д. 10 к 1;Бригада Михайлов;;Нет
305914355;Локальная заявка;Отправлена;Нет линка;17.08.2026 18:00;17.08.2026 20:00;Нагатинский Затон;Город Москва, ул.Коломенская, д. 19;Бригада Кудрявцев;;Нет
305853314;Подключение;Выполнена;Конвергенция абонента;17.08.2026 10:00;17.08.2026 12:00;Хамовники;Город Москва, ул.Усачёва, д. 40, кв. 121;Бригада Куликов;FMC;Нет
305840409;Локальная заявка;В работе;Переключение на Гбит/с;17.08.2026 18:00;17.08.2026 20:00;Зябликово;Город Москва, ул.Мусы Джалиля, д. 2 к 1;Бригада Михайлов;;Да
305808788;Локальная заявка;Выполнена;Нет линка;17.08.2026 12:00;17.08.2026 14:00;Южнопортовый;Город Москва, ул.6-я Кожуховская, д. 6;Бригада Зайцев;;Нет
305848246;Подключение;Выполнена;Конвергенция абонента;17.08.2026 10:00;17.08.2026 12:00;Таганский;Город Москва, ул.Станиславского, д. 18, кв. 102;Бригада Соловьёв;FMC;Нет
305818503;Локальная заявка;Выполнена;IP-адрес 169...;17.08.2026 14:00;17.08.2026 16:00;Академический;Город Москва, ул.Большая Черёмушкинская, д. 18 к 2;Бригада Ковалёв;;Нет
305877021;Подключение;Отменена;Конвергенция абонента;17.08.2026 12:00;17.08.2026 14:00;Царицыно;Город Москва, ул.Ереванская, д. 17 к 2, кв. 99;Бригада Голубев;FMC;Нет
305910931;Дозаказ;Отправлена;Дозаказ оборудования;17.08.2026 14:00;17.08.2026 16:00;Нагатино - Садовники;Город Москва, ш.Старокаширское, д. 2 к 2, кв. 229;Бригада Ильин;;Нет
305906307;Локальная заявка;Выполнена;Работа с кабелем;17.08.2026 14:00;17.08.2026 16:00;Басманный;Город Москва, ул.Доброслободская, д. 10 с 4;Бригада Морозов;;Нет
305899147;Подключение;В работе;Конвергенция абонента;17.08.2026 10:00;17.08.2026 12:00;Москворечье - Сабурово;Город Москва, ул.Москворечье, д. 37 к 1, кв. 43;Бригада Голубев;FMC;Нет
305815750;Подключение;В пути;Конвергенция абонента;17.08.2026 18:00;17.08.2026 20:00;Котловка;Город Москва, пр-кт.Севастопольский, д. 51 к 3, кв. 226;Бригада Сорокин;FMC;Нет
305891046;Локальная заявка;Выполнена;Переключение на Гбит/с;17.08.2026 12:00;17.08.2026 14:00;Лефортово;Город Москва, ш.Энтузиастов, д. 20Б;Бригада Лебедев;;Да
305912864;Локальная заявка;В работе;Переключение на Гбит/с;17.08.2026 10:00;17.08.2026 12:00;Ступино;Ступино, ул.Калинина, д. 38 к 3;Бригада Комаров;;Да
305895096;Локальная заявка;Отправлена;Нет линка;17.08.2026 14:00;17.08.2026 16:00;Гагаринский;Город Москва, ул.Строителей, д. 6 к 2;Бригада Жуков;;Нет
305817262;Подключение;Отправлена;Заказ подключения/Дозаказ оборудования;17.08.2026 12:00;17.08.2026 14:00;Бирюлево Восточное;Город Москва, ул.Бирюлёвская, д. 21 к 3, кв. 87;Бригада Виноградов;;Нет
305855897;Подключение;Выполнена;Заказ подключения/Дозаказ оборудования;17.08.2026 14:00;17.08.2026 16:00;Даниловский;Город Москва, ул.Симоновский Вал, д. 26 к 3, кв. 51;Бригада Баранов;;Нет
305856810;Локальная заявка;В пути;Нет линка;17.08.2026 14:00;17.08.2026 16:00;Даниловский;Город Москва, ул.Павла Андреева, д. 3;Бригада Баранов;;Нет
305867979;Локальная заявка;Выполнена;Работа с кабелем;17.08.2026 10:00;17.08.2026 12:00;Нагатино - Садовники;Город Москва, ул.Академика Миллионщикова, д. 16;Бригада Титов;;Нет
305940192;Локальная заявка;В пути;Низкая скорость;17.08.2026 12:00;17.08.2026 14:00;Бирюлево Восточное;Город Москва, ул.Лебедянская, д. 21;Бригада Беляев;;Нет
305941694;Локальная заявка;Выполнена;Нет линка;17.08.2026 18:00;17.08.2026 20:00;Орехово Борисово Северное;Город Москва, ш.Каширское, д. 86 к 3;Бригада Белов;;Нет
;;;;;;;;;;
Адрес офиса;г.Москва проезд Симферопольский, д.7;;;;;;;;;
