Заявка;Тип заявки BK;Статус BK;Тип заявки HD;Начало;Окончание;Район;Адрес;Бригада;Подключение;Гигабитное подключение
305953776;Подключение;Не отправлена;Конвергенция абонента;17.08.2026 20:00;17.08.2026 22:00;Кузьминки;Город Москва, б-р.Есенинский, д. 11 к 1, кв. 28;;FMC;Нет
305906807;Подключение;Отправлена;Конвергенция абонента;17.08.2026 18:00;17.08.2026 20:00;Таганский;Город Москва, пер.Большой Факельный, д. 12, кв. 127;Бригада Лебедев;FMC;Нет
305914768;Подключение;Отправлена;Заявка на подключение;17.08.2026 18:00;17.08.2026 20:00;Текстильщики;Город Москва, ул.Грайвороновская, д. 16 к 3, кв. 4;Бригада Зайцев;;Да
305868365;Подключение;Отправлена;Конвергенция абонента;17.08.2026 20:00;17.08.2026 22:00;Рязанский;Город Москва, пр-кт.Рязанский (дублёр), д. 49 к 1, кв. 21;Бригада Пономарёв;FMC;Нет
305942725;Подключение;Отправлена;Конвергенция абонента;17.08.2026 18:00;17.08.2026 20:00;Рязанский;Город Москва, ул.Паперника, д. 1, кв. 11;Бригада Пономарёв;FMC;Нет
305946455;Подключение;Отправлена;Конвергенция абонента;17.08.2026 18:00;17.08.2026 20:00;Рязанский;Город Москва, ул.Новокузьминская 4-я, д. 8 к 1, кв. 54;Бригада Пономарёв;FMC;Нет
305976161;Подключение;Отправлена;Конвергенция абонента;17.08.2026 20:00;17.08.2026 22:00;Кузьминки;Город Москва, проезд.Вязовский 2-й, д. 26 стр. 4, кв. 70;Бригада Третьяков;FMC;Нет
305957305;Подключение;В пути;Конвергенция абонента;17.08.2026 16:00;17.08.2026 18:00;Кузьминки;Город Москва, б-р.Есенинский, д. 11 к 2 стр. 2, кв. 269;Бригада Герасимов;FMC;Нет
305961170;Подключение;Отменена;Конвергенция абонента;17.08.2026 10:00;17.08.2026 12:00;Таганский;Город Москва, ул.Международная, д. 38, кв. 65;Бригада Лебедев;FMC;Нет
305815228;Подключение;Отменена;Конвергенция абонента;17.08.2026 12:00;17.08.2026 14:00;Таганский;Город Москва, пер.Ковров, д. 3, кв. 110;Бригада Лебедев;FMC;Нет
305900076;Подключение;Отменена;Конвергенция абонента;17.08.2026 16:00;17.08.2026 18:00;Текстильщики;Город Москва, ул.Малышева, д. 13 к 2, кв. 160;Бригада Зайцев;FMC;Нет
305810041;Подключение;Отменена;Конвергенция абонента;17.08.2026 12:00;17.08.2026 14:00;Рязанский;Город Москва, ул.Паперника, д. 8, кв. 313;Бригада Горбунов;FMC;Нет
305934409;Подключение;Отменена;Конвергенция абонента;17.08.2026 14:00;17.08.2026 16:00;Рязанский;Город Москва, ул.Окская, д. 15, кв. 42;Бригада Третьяков;FMC;Нет
305900134;Подключение;Отменена;Конвергенция абонента;17.08.2026 16:00;17.08.2026 18:00;Южнопортовый;Город Москва, ул.Трофимова, д. 20А стр. 2, кв. 231;Бригада Павлов;FMC;Нет
305871558;Подключение;В работе;Конвергенция абонента;17.08.2026 14:00;17.08.2026 16:00;Южнопортовый;Город Москва, проезд.Сосинский, д. 8, кв. 129;Бригада Павлов;FMC;Нет
305985698;Подключение;Выполнена;Конвергенция абонента;17.08.2026 12:00;17.08.2026 14:00;Таганский;Город Москва, ул.Библиотечная, д. 23, кв. 125;Бригада Лебедев;FMC;Нет
305985068;Подключение;Выполнена;Конвергенция абонента;17.08.2026 10:00;17.08.2026 12:00;Таганский;Город Москва, ул.Нижегородская, д. 1 стр. 1, кв. 161;Бригада Орлов;FMC;Нет
305846101;Подключение;Выполнена;Конвергенция абонента;17.08.2026 14:00;17.08.2026 16:00;Текстильщики;Город Москва, ул.Текстильщиков 1-я, д. 8, кв. 114;Бригада Орлов;FMC;Нет
305991648;Подключение;Выполнена;Конвергенция абонента;17.08.2026 10:00;17.08.2026 12:00;Текстильщики;Город Москва, ул.Чистова, д. 23, кв. 123;Бригада Зайцев;FMC;Нет
305925608;Подключение;Выполнена;Заявка на подключение;17.08.2026 12:00;17.08.2026 14:00;Нижегородский;Город Москва, проезд.Орехово-Зуевский, д. 20А стр. 3, кв. 79;Бригада Пономарёв;;Нет
305981168;Подключение;Выполнена;Конвергенция абонента;17.08.2026 12:00;17.08.2026 14:00;Лефортово;Город Москва, ул.Авиамоторная, д. 55 стр. 2, кв. 70;Бригада Котов;FMC;Нет
305928152;Подключение;Выполнена;Конвергенция абонента;17.08.2026 12:00;17.08.2026 14:00;Кузьминки;Город Москва, ул.Новокузьминская 4-я, д. 7 к 1, кв. 251;Бригада Герасимов;FMC;Нет
305890373;Подключение;Выполнена;Конвергенция абонента;17.08.2026 10:00;17.08.2026 12:00;Рязанский;Город Москва, ул.Зарайская, д. 55, кв. 229;Бригада Горбунов;FMC;Нет
305804001;Подключение;Выполнена;Конвергенция абонента;17.08.2026 14:00;17.08.2026 16:00;Текстильщики;Город Москва, проезд.Саратовский 1-й, д. 3А стр. 1, кв. 134;Бригада Горбунов;FMC;Нет
305872505;Подключение;Выполнена;Заявка на подключение;17.08.2026 10:00;17.08.2026 12:00;Нижегородский;Город Москва, ул.Верхняя Хохловка, д. 35, кв. 258;Бригада Третьяков;;Нет
305812790;Подключение;Выполнена;Заказ подключения/Дозаказ оборудования;17.08.2026 12:00;17.08.2026 14:00;Нижегородский;Город Москва, ул.Подъёмная, д. 14 стр. 4, кв. 129;Бригада Третьяков;FTTB;Нет
305998029;Подключение;Выполнена;Конвергенция абонента;17.08.2026 12:00;17.08.2026 14:00;Нижегородский;Город Москва, ул.Нижегородская, д. 67, кв. 200;Бригада Третьяков;FMC;Нет
305994908;Подключение;Выполнена;Конвергенция абонента;17.08.2026 10:00;17.08.2026 12:00;Кузьминки;Город Москва, ул.Окская, д. 30 к 5, кв. 8;Бригада Павлов;FMC;Нет
305939739;Подключение;Просрочена;Конвергенция абонента;17.08.2026 12:00;17.08.2026 14:00;Текстильщики;Город Москва, ул.Юных Ленинцев, д. 27/14, кв. 233;Бригада Зайцев;FMC;Нет
305837182;Подключение;Просрочена;Конвергенция абонента;17.08.2026 14:00;17.08.2026 16:00;Нижегородский;Город Москва, ш.Перовское, д. 2 к 3, кв. 173;Бригада Пономарёв;FMC;Нет
305988973;Подключение;Просрочена;Конвергенция абонента;17.08.2026 12:00;17.08.2026 14:00;Рязанский;Город Москва, пр-кт.Рязанский, д. 75 к 2, кв. 320;Бригада Павлов;FMC;Нет
305909857;Дозаказ;Не отправлена;Дозаказ оборудования;17.08.2026 18:00;17.08.2026 20:00;Выхино;Город Москва, б-р.Самаркандский, д. 22 к 1, кв. 117;;FMC;Нет
305957933;Дозаказ;Отправлена;Дозаказ оборудования;17.08.2026 20:00;17.08.2026 22:00;Выхино;Город Москва, б-р.Самаркандский, д. 15 к 3 стр. 5, кв. 78;Бригада Фролов;FMC;Нет
305871549;Дозаказ;Выполнена;Заказ подключения/Дозаказ оборудования;17.08.2026 10:00;17.08.2026 12:00;Лефортово;Город Москва, ул.Боровая, д. 10 к 1, кв. 106;Бригада Котов;FTTB;Да
305824905;Дозаказ;Выполнена;Дозаказ оборудования;17.08.2026 14:00;17.08.2026 16:00;Таганский;Город Москва, ул.Абельмановская, д. 4 стр. 1, кв. 303;Бригада Яковлев;FMC;Нет
305810841;Дозаказ;Выполнена;Дозаказ оборудования;17.08.2026 18:00;17.08.2026 20:00;Лефортово;Город Москва, ул.Авиамоторная, д. 2 к 21, кв. 35;Бригада Яковлев;FMC;Нет
305843744;Дозаказ;Просрочена;Дозаказ оборудования;17.08.2026 10:00;17.08.2026 12:00;Нижегородский;Город Москва, ул.Карачаровская 2-я, д. 3c26, кв. 278;Бригада Яковлев;FMC;Нет
305845609;Локальная заявка;Отправлена;Нет линка;17.08.2026 18:00;17.08.2026 20:00;Таганский;Город Москва, ул.Большая Андроньевская, д. 17А, кв. 235;Бригада Лебедев;;Нет
305825835;Локальная заявка;Отправлена;Нет линка;17.08.2026 20:00;17.08.2026 22:00;Басманный;Город Москва, туп.Хомутовский, д. 4 к 1, кв. 297;Бригада Козлов;;Нет
305949111;Локальная заявка;Отправлена;Переключение на Гбит/с;17.08.2026 18:00;17.08.2026 20:00;Текстильщики;Город Москва, ул.Текстильщиков 1-я, д. 3, кв. 255;Бригада Горбунов;;Нет
305880277;Локальная заявка;В пути;Нет линка;17.08.2026 18:00;17.08.2026 20:00;Рязанский;Город Москва, ул.Паперника, д. 10, кв. 315;Бригада Пономарёв;;Нет
305844177;Локальная заявка;В работе;Нет линка;17.08.2026 18:00;17.08.2026 20:00;Таганский;Город Москва, ул.Нижегородская, д. 28, кв. 221;Бригада Лебедев;;Нет
305871508;Локальная заявка;В работе;Переключение на Гбит/с;17.08.2026 20:00;17.08.2026 22:00;Выхино;Город Москва, б-р.Самаркандский, д. 15 к 3 стр. 5, кв. 65;Бригада Фролов;;Нет
305871996;Локальная заявка;В работе;Мониторинг;17.08.2026 18:00;17.08.2026 20:00;Кузьминки;Город Москва, ул.Маршала Чуйкова, д. 26 к 2, кв. 126;Бригада Третьяков;;Нет
305947578;Локальная заявка;Выполнена;Нет линка;17.08.2026 12:00;17.08.2026 14:00;Таганский;Город Москва, ул.Маршала Савицкого (дублёр), д. 6 к 4, кв. 297;Бригада Орлов;;Нет
305892495;Локальная заявка;Выполнена;Нет линка;17.08.2026 12:00;17.08.2026 14:00;Текстильщики;Город Москва, б-р.Волжский, д. 113А к 7, кв. 202;Бригада Зайцев;;Нет
305878511;Локальная заявка;Выполнена;Разрывы;17.08.2026 14:00;17.08.2026 16:00;Текстильщики;Город Москва, ул.Артюхиной, д. 4 стр. 3, кв. 82;Бригада Зайцев;;Нет
305827842;Локальная заявка;Выполнена;Нет линка;17.08.2026 12:00;17.08.2026 14:00;Выхино;Город Москва, проезд.Ферганский, д. 7 к 4, кв. 28;Бригада Фролов;;Нет
305926849;Локальная заявка;Выполнена;Нет линка;17.08.2026 12:00;17.08.2026 14:00;Басманный;Город Москва, ул.Земляной Вал, д. 25, кв. 248;Бригада Козлов;;Нет
305842448;Локальная заявка;Выполнена;Разрывы;17.08.2026 10:00;17.08.2026 12:00;Нижегородский;Город Москва, ш.Перовское, д. 12, кв. 302;Бригада Пономарёв;;Нет
305862368;Локальная заявка;Выполнена;Нет линка;17.08.2026 10:00;17.08.2026 12:00;Нижегородский;Город Москва, проезд.Орехово-Зуевский, д. 28, кв. 122;Бригада Пономарёв;;Нет
305839997;Локальная заявка;Выполнена;Работа с кабелем;17.08.2026 10:00;17.08.2026 12:00;Лефортово;Город Москва, пр-кт.Будённого, д. 16 к 29, кв. 25;Бригада Котов;;Нет
305886952;Локальная заявка;Выполнена;Роутер. Замена техническим специалистом;17.08.2026 14:00;17.08.2026 16:00;Лефортово;Город Москва, ул.Красноказарменная, д. 2 стр. 1, кв. 294;Бригада Котов;;Нет
305870854;Локальная заявка;Выполнена;TVE/ENT. Другие ошибки;17.08.2026 16:00;17.08.2026 18:00;Лефортово;Город Москва, пер.Юрьевский, д. 13А стр. 1, кв. 17;Бригада Яковлев;;Нет
305917532;Локальная заявка;Выполнена;Роутер. Замена техническим специалистом;17.08.2026 12:00;17.08.2026 14:00;Таганский;Город Москва, ул.Новорогожская, д. 16, кв. 72;Бригада Яковлев;;Нет
305931302;Локальная заявка;Выполнена;TVE/ENT. Замена приставки техником;17.08.2026 18:00;17.08.2026 20:00;Таганский;Город Москва, ул.Большая Калитниковская, д. 44 стр. 3, кв. 278;Бригада Яковлев;;Нет
305890109;Локальная заявка;Выполнена;Работа с кабелем;17.08.2026 10:00;17.08.2026 12:00;Кузьминки;Город Москва, б-р.Волжский, д. 13А стр. 5, кв. 15;Бригада Герасимов;;Нет
305855562;Локальная заявка;Выполнена;Нет линка;17.08.2026 14:00;17.08.2026 16:00;Кузьминки;Город Москва, ул.Окская, д. 14 к 1, кв. 23;Бригада Герасимов;;Нет
305939398;Глобальная проблема;Отправлена;Информация;17.08.2026 16:00;17.08.2026 18:00;Выхино;Город Москва, ул.Ташкентская, д. 25 к 3;Бригада Фролов;;Нет
305901600;Глобальная проблема;Отправлена;Информация;17.08.2026 16:00;17.08.2026 18:00;Выхино;Город Москва, пер.Ташкентский, д. 7 к 3;Бригада Фролов;;Нет
305825501;Глобальная проблема;Выполнена;Информация;17.08.2026 14:00;17.08.2026 16:00;Таганский;Город Москва, ул.Нижегородская, д. 32 стр. 3;Бригада Лебедев;;Нет
305882186;Глобальная проблема;Выполнена;Информация;17.08.2026 10:00;17.08.2026 12:00;Выхино;Город Москва, ул.Сормовская, д. 17 к 3;Бригада Фролов;;Нет
305824112;Глобальная проблема;Выполнена;Авария;17.08.2026 20:00;17.08.2026 22:00;Текстильщики;Город Москва, б-р.Волжский, д. 6 к 1 стр. 2;Бригада Козлов;;Нет
305948243;Глобальная проблема;Выполнена;Авария;17.08.2026 10:00;17.08.2026 12:00;Басманный;Город Москва, ул.Гольяновская, д. 7 к 2;Бригада Козлов;;Нет
305938652;Глобальная проблема;Выполнена;Информация;17.08.2026 16:00;17.08.2026 18:00;Басманный;Город Москва, ул.Новая Дорога, д. 11 стр. 1;Бригада Козлов;;Нет
305999836;Глобальная проблема;Выполнена;Авария;17.08.2026 20:00;17.08.2026 22:00;Кузьминки;Город Москва, б-р.Есенинский, д. 9 к 3;Бригада Павлов;;Нет
