Заявка;Тип заявки BK;Тип заявки HD;Начало;Окончание;Район;Адрес;Подключение;Гигабитное подключение
92055;Подключение;Конвергенция абонента;17.08.2026 20:00;17.08.2026 22:00;Кузьминки;Город Москва, б-р.Есенинский, д. 11 к 1;FMC;Нет
48465;Подключение;Конвергенция абонента;17.08.2026 18:00;17.08.2026 20:00;Таганский;Город Москва, пер.Большой Факельный, д. 12;FMC;Нет
36903;Подключение;Заявка на подключение;17.08.2026 18:00;17.08.2026 20:00;Текстильщики;Город Москва, ул.Грайвороновская, д. 16 к 3;;Да
23606;Подключение;Конвергенция абонента;17.08.2026 20:00;17.08.2026 22:00;Рязанский;Город Москва, пр-кт.Рязанский (дублёр), д. 49 к 1;FMC;Нет
41075;Подключение;Конвергенция абонента;17.08.2026 18:00;17.08.2026 20:00;Рязанский;Город Москва, ул.Паперника, д. 1;FMC;Нет
88813;Подключение;Конвергенция абонента;17.08.2026 18:00;17.08.2026 20:00;Рязанский;Город Москва, ул.Новокузьминская 4-я, д. 8 к 1;FMC;Нет
27497;Подключение;Конвергенция абонента;17.08.2026 20:00;17.08.2026 22:00;Кузьминки;Город Москва, проезд.Вязовский 2-й, д. 26 стр. 4;FMC;Нет
39881;Подключение;Конвергенция абонента;17.08.2026 16:00;17.08.2026 18:00;Кузьминки;Город Москва, б-р.Есенинский, д. 11 к 2 стр. 2;FMC;Нет
49463;Подключение;Конвергенция абонента;17.08.2026 10:00;17.08.2026 12:00;Таганский;Город Москва, ул.Международная, д. 38;FMC;Нет
38639;Подключение;Конвергенция абонента;17.08.2026 12:00;17.08.2026 14:00;Таганский;Город Москва, пер.Ковров, д. 3;FMC;Нет
28172;Подключение;Конвергенция абонента;17.08.2026 16:00;17.08.2026 18:00;Текстильщики;Город Москва, ул.Малышева, д. 13 к 2;FMC;Нет
27693;Подключение;Конвергенция абонента;17.08.2026 12:00;17.08.2026 14:00;Рязанский;Город Москва, ул.Паперника, д. 8;FMC;Нет
62242;Подключение;Конвергенция абонента;17.08.2026 14:00;17.08.2026 16:00;Рязанский;Город Москва, ул.Окская, д. 15;FMC;Нет
11243;Подключение;Конвергенция абонента;17.08.2026 16:00;17.08.2026 18:00;Южнопортовый;Город Москва, ул.Трофимова, д. 20А стр. 2;FMC;Нет
32835;Подключение;Конвергенция абонента;17.08.2026 14:00;17.08.2026 16:00;Южнопортовый;Город Москва, проезд.Сосинский, д. 8;FMC;Нет
11088;Подключение;Конвергенция абонента;17.08.2026 12:00;17.08.2026 14:00;Таганский;Город Москва, ул.Библиотечная, д. 23;FMC;Нет
67250;Подключение;Конвергенция абонента;17.08.2026 10:00;17.08.2026 12:00;Таганский;Город Москва, ул.Нижегородская, д. 1 стр. 1;FMC;Нет
58258;Подключение;Конвергенция абонента;17.08.2026 14:00;17.08.2026 16:00;Текстильщики;Город Москва, ул.Текстильщиков 1-я, д. 8;FMC;Нет
56448;Подключение;Конвергенция абонента;17.08.2026 10:00;17.08.2026 12:00;Текстильщики;Город Москва, ул.Чистова, д. 23;FMC;Нет
55387;Подключение;Заявка на подключение;17.08.2026 12:00;17.08.2026 14:00;Нижегородский;Город Москва, проезд.Орехово-Зуевский, д. 20А стр. 3;;Нет
27407;Подключение;Конвергенция абонента;17.08.2026 12:00;17.08.2026 14:00;Лефортово;Город Москва, ул.Авиамоторная, д. 55 стр. 2;FMC;Нет
70459;Подключение;Конвергенция абонента;17.08.2026 12:00;17.08.2026 14:00;Кузьминки;Город Москва, ул.Новокузьминская 4-я, д. 7 к 1;FMC;Нет
27829;Подключение;Конвергенция абонента;17.08.2026 10:00;17.08.2026 12:00;Рязанский;Город Москва, ул.Зарайская, д. 55;FMC;Нет
63015;Подключение;Конвергенция абонента;17.08.2026 14:00;17.08.2026 16:00;Текстильщики;Город Москва, проезд.Саратовский 1-й, д. 3А стр. 1;FMC;Нет
56229;Подключение;Заявка на подключение;17.08.2026 10:00;17.08.2026 12:00;Нижегородский;Город Москва, ул.Верхняя Хохловка, д. 35;;Нет
54416;Подключение;Заказ подключения/Дозаказ оборудования;17.08.2026 12:00;17.08.2026 14:00;Нижегородский;Город Москва, ул.Подъёмная, д. 14 стр. 4;FTTB;Нет
42203;Подключение;Конвергенция абонента;17.08.2026 12:00;17.08.2026 14:00;Нижегородский;Город Москва, ул.Нижегородская, д. 67;FMC;Нет
68215;Подключение;Конвергенция абонента;17.08.2026 10:00;17.08.2026 12:00;Кузьминки;Город Москва, ул.Окская, д. 30 к 5;FMC;Нет
48802;Подключение;Конвергенция абонента;17.08.2026 12:00;17.08.2026 14:00;Текстильщики;Город Москва, ул.Юных Ленинцев, д. 27/14;FMC;Нет
56137;Подключение;Конвергенция абонента;17.08.2026 14:00;17.08.2026 16:00;Нижегородский;Город Москва, ш.Перовское, д. 2 к 3;FMC;Нет
73619;Подключение;Конвергенция абонента;17.08.2026 12:00;17.08.2026 14:00;Рязанский;Город Москва, пр-кт.Рязанский, д. 75 к 2;FMC;Нет
70634;Дозаказ;Дозаказ оборудования;17.08.2026 18:00;17.08.2026 20:00;Выхино;Город Москва, б-р.Самаркандский, д. 22 к 1;FMC;Нет
10450;Дозаказ;Дозаказ оборудования;17.08.2026 20:00;17.08.2026 22:00;Выхино;Город Москва, б-р.Самаркандский, д. 15 к 3 стр. 5;FMC;Нет
36135;Дозаказ;Заказ подключения/Дозаказ оборудования;17.08.2026 10:00;17.08.2026 12:00;Лефортово;Город Москва, ул.Боровая, д. 10 к 1;FTTB;Да
41390;Дозаказ;Дозаказ оборудования;17.08.2026 14:00;17.08.2026 16:00;Таганский;Город Москва, ул.Абельмановская, д. 4 стр. 1;FMC;Нет
73647;Дозаказ;Дозаказ оборудования;17.08.2026 18:00;17.08.2026 20:00;Лефортово;Город Москва, ул.Авиамоторная, д. 2 к 21;FMC;Нет
41271;Дозаказ;Дозаказ оборудования;17.08.2026 10:00;17.08.2026 12:00;Нижегородский;Город Москва, ул.Карачаровская 2-я, д. 3c26;FMC;Нет
87865;Локальная заявка;Нет линка;17.08.2026 18:00;17.08.2026 20:00;Таганский;Город Москва, ул.Большая Андроньевская, д. 17А;;Нет
67010;Локальная заявка;Нет линка;17.08.2026 20:00;17.08.2026 22:00;Басманный;Город Москва, туп.Хомутовский, д. 4 к 1;;Нет
55904;Локальная заявка;Переключение на Гбит/с;17.08.2026 18:00;17.08.2026 20:00;Текстильщики;Город Москва, ул.Текстильщиков 1-я, д. 3;;Нет
66767;Локальная заявка;Нет линка;17.08.2026 18:00;17.08.2026 20:00;Рязанский;Город Москва, ул.Паперника, д. 10;;Нет
80522;Локальная заявка;Нет линка;17.08.2026 18:00;17.08.2026 20:00;Таганский;Город Москва, ул.Нижегородская, д. 28;;Нет
97800;Локальная заявка;Переключение на Гбит/с;17.08.2026 20:00;17.08.2026 22:00;Выхино;Город Москва, б-р.Самаркандский, д. 15 к 3 стр. 5;;Нет
45033;Локальная заявка;Мониторинг;17.08.2026 18:00;17.08.2026 20:00;Кузьминки;Город Москва, ул.Маршала Чуйкова, д. 26 к 2;;Нет
84730;Локальная заявка;Нет линка;17.08.2026 12:00;17.08.2026 14:00;Таганский;Город Москва, ул.Маршала Савицкого (дублёр), д. 6 к 4;;Нет
43310;Локальная заявка;Нет линка;17.08.2026 12:00;17.08.2026 14:00;Текстильщики;Город Москва, б-р.Волжский, д. 113А к 7;;Нет
18000;Локальная заявка;Разрывы;17.08.2026 14:00;17.08.2026 16:00;Текстильщики;Город Москва, ул.Артюхиной, д. 4 стр. 3;;Нет
96286;Локальная заявка;Нет линка;17.08.2026 12:00;17.08.2026 14:00;Выхино;Город Москва, проезд.Ферганский, д. 7 к 4;;Нет
56473;Локальная заявка;Нет линка;17.08.2026 12:00;17.08.2026 14:00;Басманный;Город Москва, ул.Земляной Вал, д. 25;;Нет
23279;Локальная заявка;Разрывы;17.08.2026 10:00;17.08.2026 12:00;Нижегородский;Город Москва, ш.Перовское, д. 12;;Нет
63388;Локальная заявка;Нет линка;17.08.2026 10:00;17.08.2026 12:00;Нижегородский;Город Москва, проезд.Орехово-Зуевский, д. 28;;Нет
91357;Локальная заявка;Работа с кабелем;17.08.2026 10:00;17.08.2026 12:00;Лефортово;Город Москва, пр-кт.Будённого, д. 16 к 29;;Нет
27633;Локальная заявка;Роутер. Замена техническим специалистом;17.08.2026 14:00;17.08.2026 16:00;Лефортово;Город Москва, ул.Красноказарменная, д. 2 стр. 1;;Нет
57506;Локальная заявка;TVE/ENT. Другие ошибки;17.08.2026 16:00;17.08.2026 18:00;Лефортово;Город Москва, пер.Юрьевский, д. 13А стр. 1;;Нет
82080;Локальная заявка;Роутер. Замена техническим специалистом;17.08.2026 12:00;17.08.2026 14:00;Таганский;Город Москва, ул.Новорогожская, д. 16;;Нет
96075;Локальная заявка;TVE/ENT. Замена приставки техником;17.08.2026 18:00;17.08.2026 20:00;Таганский;Город Москва, ул.Большая Калитниковская, д. 44 стр. 3;;Нет
89224;Локальная заявка;Работа с кабелем;17.08.2026 10:00;17.08.2026 12:00;Кузьминки;Город Москва, б-р.Волжский, д. 13А стр. 5;;Нет
27900;Локальная заявка;Нет линка;17.08.2026 14:00;17.08.2026 16:00;Кузьминки;Город Москва, ул.Окская, д. 14 к 1;;Нет
77156;Глобальная проблема;Информация;17.08.2026 16:00;17.08.2026 18:00;Выхино;Город Москва, ул.Ташкентская, д. 25 к 3;;Нет
22057;Глобальная проблема;Информация;17.08.2026 16:00;17.08.2026 18:00;Выхино;Город Москва, пер.Ташкентский, д. 7 к 3;;Нет
91935;Глобальная проблема;Информация;17.08.2026 14:00;17.08.2026 16:00;Таганский;Город Москва, ул.Нижегородская, д. 32 стр. 3;;Нет
62969;Глобальная проблема;Информация;17.08.2026 10:00;17.08.2026 12:00;Выхино;Город Москва, ул.Сормовская, д. 17 к 3;;Нет
37123;Глобальная проблема;Авария;17.08.2026 20:00;17.08.2026 22:00;Текстильщики;Город Москва, б-р.Волжский, д. 6 к 1 стр. 2;;Нет
80005;Глобальная проблема;Авария;17.08.2026 10:00;17.08.2026 12:00;Басманный;Город Москва, ул.Гольяновская, д. 7 к 2;;Нет
73752;Глобальная проблема;Информация;17.08.2026 16:00;17.08.2026 18:00;Басманный;Город Москва, ул.Новая Дорога, д. 11 стр. 1;;Нет
38955;Глобальная проблема;Авария;17.08.2026 20:00;17.08.2026 22:00;Кузьминки;Город Москва, б-р.Есенинский, д. 9 к 3;;Нет
;;;;;;;;
;;;;;;;;
Адрес Офиса;г. Москва, ул Юных Ленинцев, д 83с 4;;;;;;;
