Заявка;Тип заявки BK;Тип заявки HD;Начало;Окончание;Район;Адрес;Гигабитное подключение
19463;Подключение;Заказ подключения/Дозаказ оборудования;17.08.2026 16:00;17.08.2026 18:00;Домодедово;Домодедово, ул.Огнеупорный Завод, д. 6;Нет
35277;Подключение;Конвергенция абонента;17.08.2026 18:00;17.08.2026 20:00;Орехово Борисово Южное;Город Москва, проезд.Гурьевский, д. 27 к 1;Нет
58164;Подключение;Заказ подключения/Дозаказ оборудования;17.08.2026 16:00;17.08.2026 18:00;Зябликово;Город Москва, ул.Кустанайская, д. 11 к 1;Нет
31622;Подключение;Конвергенция абонента;17.08.2026 16:00;17.08.2026 18:00;Орехово Борисово Южное;Город Москва, ул.Ясеневая, д. 8;Нет
33129;Подключение;Конвергенция абонента;17.08.2026 10:00;17.08.2026 12:00;Домодедово;Домодедово, ш.Каширское, д. 101;Нет
28200;Подключение;Конвергенция абонента;17.08.2026 12:00;17.08.2026 14:00;Москворечье - Сабурово;Город Москва, ш.Каширское, д. 46 к 2;Нет
17567;Подключение;Конвергенция абонента;17.08.2026 10:00;17.08.2026 12:00;Бирюлево Восточное;Город Москва, ул.Загорьевская, д. 4 стр. 4;Нет
71300;Подключение;Конвергенция абонента;17.08.2026 14:00;17.08.2026 16:00;Бирюлево Восточное;Город Москва, ул.Радиальная 6-я, д. 5 к 2;Нет
55415;Подключение;Конвергенция абонента;17.08.2026 14:00;17.08.2026 16:00;Бирюлево Восточное;Город Москва, ул.Ряжская, д. 9;Нет
19390;Подключение;Заказ подключения/Дозаказ оборудования;17.08.2026 14:00;17.08.2026 16:00;Кашира;Кашира, ул.Ленина, д. 5 к 3;Нет
49384;Подключение;Конвергенция абонента;17.08.2026 12:00;17.08.2026 14:00;Братеево;Город Москва, ул.Братеевская, д. 20 к 2;Нет
11862;Подключение;Конвергенция абонента;17.08.2026 12:00;17.08.2026 14:00;Зябликово;Город Москва, б-р.Ореховый, д. 22 к 2;Нет
64041;Подключение;Конвергенция абонента;17.08.2026 12:00;17.08.2026 14:00;Зябликово;Город Москва, б-р.Ореховый, д. 22 к 2;Нет
22304;Подключение;Конвергенция абонента;17.08.2026 16:00;17.08.2026 18:00;Царицыно;Город Москва, пр-кт.Пролетарский, д. 16 к 1;Нет
23571;Подключение;Конвергенция абонента;17.08.2026 12:00;17.08.2026 14:00;Домодедово;Домодедово, ш.Каширское, д. 112;Нет
24058;Подключение;Конвергенция абонента;17.08.2026 14:00;17.08.2026 16:00;Домодедово;Домодедово, ул.Корнеева, д. 3;Нет
32106;Подключение;Заказ подключения/Дозаказ оборудования;17.08.2026 10:00;17.08.2026 12:00;Домодедово;Домодедово, ш.Каширское, д. 101;Нет
36661;Подключение;Конвергенция абонента;17.08.2026 10:00;17.08.2026 12:00;Царицыно;Город Москва, ул.Ереванская, д. 26 к 1;Нет
91587;Подключение;Конвергенция абонента;17.08.2026 10:00;17.08.2026 12:00;Царицыно;Город Москва, ул.Бакинская, д. 20;Нет
97930;Подключение;Конвергенция абонента;17.08.2026 16:00;17.08.2026 18:00;Бирюлево Восточное;Город Москва, ул.Радиальная 6-я, д. 7/1 к 1;Нет
62345;Подключение;Заказ подключения/Дозаказ оборудования;17.08.2026 10:00;17.08.2026 12:00;Бирюлево Восточное;Город Москва, ул.Загорьевская, д. 4 стр. 4;Нет
90135;Подключение;Конвергенция абонента;17.08.2026 10:00;17.08.2026 12:00;Кашира;Кашира, ул.Новокаширская, д. 37;Нет
67997;Подключение;Заказ подключения/Дозаказ оборудования;17.08.2026 12:00;17.08.2026 14:00;Кашира;Кашира, ул.Сергея Ионова, д. 1;Нет
12512;Подключение;Заявка на подключение;17.08.2026 14:00;17.08.2026 16:00;Братеево;Город Москва, ул.Паромная, д. 5 к 1;Нет
13203;Подключение;Конвергенция абонента;17.08.2026 10:00;17.08.2026 12:00;Братеево;Город Москва, ул.Братеевская, д. 20 к 1 стр. 4;Нет
14418;Подключение;Заявка на подключение;17.08.2026 12:00;17.08.2026 14:00;Братеево;Город Москва, ул.Борисовские Пруды, д. 18 к 1;Нет
86857;Подключение;Конвергенция абонента;17.08.2026 10:00;17.08.2026 12:00;Кашира;Кашира, ул.Садовая, д. 39 к 4;Нет
42531;Подключение;Конвергенция абонента;17.08.2026 12:00;17.08.2026 14:00;Кашира;Кашира, ул.Марта 8-го, д. 37;Нет
30455;Подключение;Заявка на подключение;17.08.2026 10:00;17.08.2026 12:00;Орехово Борисово Северное;Город Москва, б-р.Ореховый, д. 10 к 1;Нет
18727;Подключение;Конвергенция абонента;17.08.2026 12:00;17.08.2026 14:00;Орехово Борисово Северное;Город Москва, ш.Каширское (дублёр), д. 102 к 2;Нет
45505;Подключение;Заказ подключения/Дозаказ оборудования;17.08.2026 12:00;17.08.2026 14:00;Орехово Борисово Северное;Город Москва, ш.Каширское (дублёр), д. 98 к 2;Нет
61903;Подключение;Заявка на подключение;17.08.2026 10:00;17.08.2026 12:00;Орехово Борисово Северное;Город Москва, б-р.Ореховый, д. 21 к 2;Нет
86545;Подключение;Конвергенция абонента;17.08.2026 10:00;17.08.2026 12:00;Зябликово;Город Москва, проезд.Ореховый, д. 35 к 1;Нет
70892;Подключение;Конвергенция абонента;17.08.2026 14:00;17.08.2026 16:00;Домодедово;Домодедово, ул.Жуковского, д. 15;Нет
77466;Подключение;Конвергенция абонента;17.08.2026 14:00;17.08.2026 16:00;Кашира;Кашира, ул.Новокаширская, д. 20;Нет
72406;Подключение;Конвергенция абонента;17.08.2026 12:00;17.08.2026 14:00;Зябликово;Город Москва, ул.Кустанайская, д. 10 к 3;Нет
73943;Дозаказ;Дозаказ оборудования;17.08.2026 18:00;17.08.2026 20:00;Царицыно;Город Москва, ул.Бехтерева, д. 15 стр. 2;Нет
39821;Дозаказ;Заказ подключения/Дозаказ оборудования;17.08.2026 18:00;17.08.2026 20:00;Братеево;Город Москва, ул.Борисовские Пруды, д. 18 к 1;Нет
30664;Дозаказ;Конвергенция абонента;17.08.2026 20:00;17.08.2026 22:00;Кашира;Кашира, ул.Кржижановского, д. 5;Нет
99809;Дозаказ;Дозаказ оборудования;17.08.2026 14:00;17.08.2026 16:00;Бирюлево Западное;Город Москва, проезд.Булатниковский, д. 10Б стр. 2;Нет
98360;Локальная заявка;Нет линка;17.08.2026 16:00;17.08.2026 18:00;Домодедово;Домодедово, ул.Гагарина, д. 45;Нет
10647;Локальная заявка;Нет линка;17.08.2026 18:00;17.08.2026 20:00;Домодедово;Домодедово, ул.Коммунистическая 1-я, д. 38;Нет
84862;Локальная заявка;Работа с кабелем;17.08.2026 18:00;17.08.2026 20:00;Братеево;Город Москва, ул.Алма-Атинская, д. 7 к 1;Нет
20229;Локальная заявка;Работа с кабелем;17.08.2026 20:00;17.08.2026 22:00;Ступино;Ступино, ул.Андропова, д. 60 стр. 2;Нет
49415;Локальная заявка;Низкая скорость;17.08.2026 20:00;17.08.2026 22:00;Орехово Борисово Южное;Город Москва, б-р.Ореховый, д. 8;Нет
68624;Локальная заявка;Нет линка;17.08.2026 20:00;17.08.2026 22:00;Бирюлево Западное;Город Москва, проезд.Востряковский, д. 17 к 2;Нет
68507;Локальная заявка;Нет линка;17.08.2026 18:00;17.08.2026 20:00;Бирюлево Восточное;Город Москва, ул.Михневская, д. 19 к 1;Нет
99222;Локальная заявка;Низкая скорость;17.08.2026 12:00;17.08.2026 14:00;Орехово Борисово Южное;Город Москва, ул.Домодедовская, д. 26;Нет
66839;Локальная заявка;Рост ошибок на порту;17.08.2026 20:00;17.08.2026 22:00;Царицыно;Город Москва, ул.Луганская, д. 8;Нет
79335;Локальная заявка;Работа с кабелем;17.08.2026 10:00;17.08.2026 12:00;Ступино;Ступино, ул.Андропова, д. 60 стр. 2;Нет
18884;Локальная заявка;Нет линка;17.08.2026 12:00;17.08.2026 14:00;Домодедово;Домодедово, пл.Гагарина, д. 3;Нет
29458;Локальная заявка;Роутер. Замена техническим специалистом;17.08.2026 16:00;17.08.2026 18:00;Бирюлево Западное;Город Москва, проезд.Востряковский, д. 15 к 3;Нет
72785;Локальная заявка;Нет линка;17.08.2026 10:00;17.08.2026 12:00;Домодедово;Домодедово, ул.Корнеева, д. 37;Нет
53988;Локальная заявка;Переключение на Гбит/с;17.08.2026 18:00;17.08.2026 20:00;Царицыно;Город Москва, ул.Луганская, д. 11;Нет
61688;Локальная заявка;TVE/ENT. Замена приставки техником;17.08.2026 12:00;17.08.2026 14:00;Царицыно;Город Москва, б-р.Кавказский, д. 27;Нет
71745;Локальная заявка;Рост ошибок на порту;17.08.2026 14:00;17.08.2026 16:00;Царицыно;Город Москва, ул.Луганская, д. 8;Нет
74547;Локальная заявка;IP-адрес 169...;17.08.2026 16:00;17.08.2026 18:00;Царицыно;Город Москва, б-р.Кавказский, д. 26;Нет
56124;Локальная заявка;Низкая скорость;17.08.2026 18:00;17.08.2026 20:00;Царицыно;Город Москва, ул.Медиков, д. 18 к 2;Нет
48856;Локальная заявка;Низкая скорость;17.08.2026 10:00;17.08.2026 12:00;Бирюлево Восточное;Город Москва, проезд.Михневский, д. 6 к 1;Нет
32665;Локальная заявка;Переключение на Гбит/с;17.08.2026 16:00;17.08.2026 18:00;Орехово Борисово Северное;Город Москва, ул.Маршала Захарова, д. 18 к 3;Нет
91339;Локальная заявка;Нет линка;17.08.2026 14:00;17.08.2026 16:00;Орехово Борисово Южное;Город Москва, ул.Генерала Белова, д. 28 к 3;Нет
34882;Локальная заявка;IP-адрес 169...;17.08.2026 12:00;17.08.2026 14:00;Орехово Борисово Северное;Город Москва, ул.Шипиловская, д. 42/30;Нет
24421;Локальная заявка;TVE/ENT. Замена приставки техником;17.08.2026 16:00;17.08.2026 18:00;Орехово Борисово Южное;Город Москва, ул.Тамбовская, д. 3/13;Нет
27525;Локальная заявка;Рост ошибок на порту;17.08.2026 10:00;17.08.2026 12:00;Орехово Борисово Северное;Город Москва, б-р.Ореховый, д. 21 к 2;Нет
14017;Локальная заявка;Нет линка;17.08.2026 18:00;17.08.2026 20:00;Зябликово;Город Москва, ул.Шипиловская, д. 44А;Нет
46787;Локальная заявка;Разрывы;17.08.2026 12:00;17.08.2026 14:00;Бирюлево Западное;Город Москва, ул.Булатниковская, д. 6;Нет
76544;Локальная заявка;Нет линка;17.08.2026 10:00;17.08.2026 12:00;Зябликово;Город Москва, б-р.Ореховый, д. 26 к 3;Нет
11199;Локальная заявка;Нет линка;17.08.2026 14:00;17.08.2026 16:00;Домодедово;Домодедово, ул.Рабочая, д. 3;Нет
89221;Локальная заявка;Нет линка;17.08.2026 12:00;17.08.2026 14:00;Кашира;Кашира, ул.Ленина, д. 9;Нет
43538;Локальная заявка;Рост ошибок на порту;17.08.2026 14:00;17.08.2026 16:00;Кашира;Кашира, ул.Металлургов, д. 9;Нет
78852;Локальная заявка;IP-адрес 169...;17.08.2026 12:00;17.08.2026 14:00;Зябликово;Город Москва, ул.Мусы Джалиля, д. 10 к 1;Нет
17544;Глобальная проблема;Авария;17.08.2026 20:00;17.08.2026 22:00;Домодедово;обл.Московская область, г.Домодедово, пгт.Востряково-1, ул.Жуковского, д. 14/18;Нет
44353;Глобальная проблема;Авария;17.08.2026 0:01;17.08.2026 23:59;Кашира;Кашира, ул.Кржижановского, д. 1 к 1;Нет
89930;Глобальная проблема;Авария;17.08.2026 0:01;17.08.2026 23:59;Кашира;Кашира, ул.Вахрушева, д. 16 к 2;Нет
95267;Глобальная проблема;Авария;17.08.2026 0:01;17.08.2026 23:59;Кашира;Кашира, ул.Садовая, д. 31;Нет
45981;Глобальная проблема;Авария;17.08.2026 0:01;17.08.2026 23:59;Кашира;Кашира, ул.Вахрушева, д. 16 к 3;Нет
61366;Глобальная проблема;Авария;17.08.2026 0:01;17.08.2026 23:59;Кашира;Кашира, ул.Кржижановского, д. 4;Нет
93538;Глобальная проблема;Авария;17.08.2026 0:01;17.08.2026 23:59;Кашира;Кашира, ул.Вахрушева, д. 16 к 2;Нет
40098;Глобальная проблема;Авария;17.08.2026 0:01;17.08.2026 23:59;Ступино;Ступино, пр-кт.Победы, д. 14;Нет
70152;Глобальная проблема;Авария;17.08.2026 0:01;17.08.2026 23:59;Ступино;Ступино, ул.Пушкина, д. 24 к 1;Нет
80407;Глобальная проблема;Авария;17.08.2026 0:01;17.08.2026 23:59;Кашира;Кашира, ул.Центральная, д. 4;Нет
90302;Глобальная проблема;Авария;17.08.2026 0:01;17.08.2026 23:59;Бирюлево Восточное;Город Москва, ул.Бирюлёвская, д. 43;Нет
60108;Глобальная проблема;Авария;17.08.2026 0:01;17.08.2026 23:59;Бирюлево Западное;Город Москва, ул.Медынская, д. 2А;Нет
;;;;;;;
;;;;;;;
Адрес Офиса;г. Москва, ул Бирюлёвская, д 1с1;;;;;;
