Заявка;Тип заявки BK;Статус BK;Тип заявки HD;Начало;Окончание;Район;Адрес;Бригада;Гигабитное подключение
305921249;Подключение;Отправлена;Конвергенция абонента;17.08.2026 18:00;17.08.2026 20:00;Даниловский;Город Москва, ул.Дубининская, д. 63 стр. 25, кв. 175;Захаров Глеб;Нет
305921200;Подключение;Отправлена;Конвергенция абонента;17.08.2026 18:00;17.08.2026 20:00;Даниловский;Город Москва, ул.Симоновский Вал, д. 26 к 2, кв. 297;Захаров Глеб;Нет
305852725;Подключение;Отправлена;Конвергенция абонента;17.08.2026 18:00;17.08.2026 20:00;GPON Даниловский;Город Москва, пер.Большой Строченовский, д. 23, кв. 311;Медведев Максим;Нет
305971855;Подключение;Отправлена;Конвергенция абонента;17.08.2026 20:00;17.08.2026 22:00;Академический;Город Москва, ул.Шверника, д. 15 к 2, кв. 17;Карпов Игорь;Нет
305999895;Подключение;Отправлена;Конвергенция абонента;17.08.2026 20:00;17.08.2026 22:00;Котловка;Город Москва, пр-кт.Нахимовский, д. 25А, кв. 62;Алексеев Артём;Нет
305998587;Подключение;Отменена;Конвергенция абонента;17.08.2026 12:00;17.08.2026 14:00;Зюзино;Город Москва, пр-кт.Севастопольский, д. 50/11, кв. 268;Тихонов Никита;Нет
305836022;Подключение;Отменена;Конвергенция абонента;17.08.2026 16:00;17.08.2026 18:00;Академический;Город Москва, пр-кт.Ленинский, д. 39А, кв. 45;Волков Олег;Нет
305883880;Подключение;Отменена;Конвергенция абонента;17.08.2026 14:00;17.08.2026 16:00;Академический;Город Москва, ул.Гримау, д. 11А стр. 3, кв. 289;Алексеев Артём;Нет
305884041;Подключение;Отменена;Заказ подключения/Дозаказ оборудования;17.08.2026 16:00;17.08.2026 18:00;Хамовники;Город Москва, ул.Хамовнический Вал, д. 34, кв. 202;Комаров Антон;Нет
305905506;Подключение;В работе;Конвергенция абонента;17.08.2026 16:00;17.08.2026 18:00;Академический;Город Москва, ул.Большая Черёмушкинская, д. 17А, кв. 141;Волков Олег;Нет
305829581;Подключение;В работе;Конвергенция абонента;17.08.2026 18:00;17.08.2026 20:00;Зюзино;Город Москва, ул.Азовская, д. 32, кв. 17;Зуев Павел;Нет
305872983;Подключение;В работе;Конвергенция абонента;17.08.2026 16:00;17.08.2026 18:00;Нагатино - Садовники;Город Москва, ул.Академика Миллионщикова, д. 13 к 2, кв. 180;Кудрявцев Кирилл;Нет
305989390;Подключение;Выполнена;Конвергенция абонента;17.08.2026 12:00;17.08.2026 14:00;Зюзино;Город Москва, ул.Каховка, д. 5, кв. 111;Тихонов Никита;Нет
305940202;Подключение;Выполнена;Конвергенция абонента;17.08.2026 16:00;17.08.2026 18:00;Замоскворечье;Город Москва, ул.Дубининская, д. 42, кв. 88;Захаров Глеб;Нет
305867602;Подключение;Выполнена;Конвергенция абонента;17.08.2026 10:00;17.08.2026 12:00;Хамовники;Город Москва, пер.Земледельческий, д. 15, кв. 212;Захаров Глеб;Нет
305891238;Подключение;Выполнена;Конвергенция абонента;17.08.2026 10:00;17.08.2026 12:00;Нагатинский Затон;Город Москва, ул.Судостроительная, д. 23 к 2, кв. 9;Быков Степан;Нет
305883143;Подключение;Выполнена;Конвергенция абонента;17.08.2026 12:00;17.08.2026 14:00;Нагатинский Затон;Город Москва, ул.Якорная, д. 7, кв. 196;Быков Степан;Нет
305875338;Подключение;Выполнена;Заказ подключения/Дозаказ оборудования;17.08.2026 10:00;17.08.2026 12:00;Нагатинский Затон;Город Москва, ул.Затонная, д. 10 к 1, кв. 307;Лазарев Михаил;Нет
305855664;Подключение;Выполнена;Конвергенция абонента;17.08.2026 18:00;17.08.2026 20:00;Даниловский;Город Москва, пр-кт.Лихачёва, д. 11, кв. 81;Медведев Максим;Нет
305913123;Подключение;Выполнена;Конвергенция абонента;17.08.2026 10:00;17.08.2026 12:00;Академический;Город Москва, ул.Новочерёмушкинская, д. 1/14 к 3, кв. 176;Карпов Игорь;Нет
305934060;Подключение;Выполнена;Заявка на подключение;17.08.2026 20:00;17.08.2026 22:00;Нагатинский Затон;Город Москва, ул.Судостроительная, д. 24, кв. 104;Алексеев Артём;Нет
305982084;Подключение;Выполнена;Конвергенция абонента;17.08.2026 16:00;17.08.2026 18:00;Академический;Город Москва, ул.Шверника, д. 7 к 1, кв. 23;Алексеев Артём;Нет
305997847;Подключение;Выполнена;Конвергенция абонента;17.08.2026 12:00;17.08.2026 14:00;Зюзино;Город Москва, б-р.Черноморский, д. 21 к 2, кв. 83;Зуев Павел;Нет
305887173;Подключение;Выполнена;Конвергенция абонента;17.08.2026 12:00;17.08.2026 14:00;Зюзино;Город Москва, ул.Керченская, д. 2, кв. 144;Зуев Павел;Нет
305966045;Подключение;Выполнена;Заявка на подключение;17.08.2026 10:00;17.08.2026 12:00;Нагатинский Затон;Город Москва, б-р.Кленовый, д. 2, кв. 236;Кудрявцев Кирилл;Нет
305865278;Подключение;Выполнена;Конвергенция абонента;17.08.2026 12:00;17.08.2026 14:00;Нагатинский Затон;Город Москва, ул.Коломенская, д. 9, кв. 149;Кудрявцев Кирилл;Нет
305902935;Подключение;Выполнена;Заказ подключения/Дозаказ оборудования;17.08.2026 12:00;17.08.2026 14:00;Хамовники;Город Москва, пер.Большой Лёвшинский, д. 10 стр. 1, кв. 231;Комаров Антон;Нет
305901656;Подключение;Выполнена;Конвергенция абонента;17.08.2026 10:00;17.08.2026 12:00;Хамовники;Город Москва, ул.Малая Пироговская, д. 20 стр. 1, кв. 252;Комаров Антон;Нет
305908935;Дозаказ;Отправлена;Конвергенция абонента;17.08.2026 20:00;17.08.2026 22:00;Академический;Город Москва, ул.Вавилова, д. 18, кв. 57;Карпов Игорь;Нет
305800831;Дозаказ;Отменена;Заказ подключения/Дозаказ оборудования;17.08.2026 20:00;17.08.2026 22:00;Котловка;Город Москва, ул.Нагорная, д. 17 к 5, кв. 229;Алексеев Артём;Нет
305815442;Локальная заявка;Отправлена;Нет линка;17.08.2026 18:00;17.08.2026 20:00;Академический;Город Москва, ул.Шверника, д. 1 к 3, кв. 156;Волков Олег;Нет
305999015;Локальная заявка;Отправлена;Нет линка;17.08.2026 20:00;17.08.2026 22:00;Нагатино - Садовники;Город Москва, проезд.Коломенский, д. 12 к 1, кв. 127;Быков Степан;Нет
305837732;Локальная заявка;Отправлена;TVE/ENT. Другие ошибки;17.08.2026 18:00;17.08.2026 20:00;Академический;Город Москва, ул.Новочерёмушкинская, д. 4 к 1, кв. 235;Карпов Игорь;Нет
305938099;Локальная заявка;Отправлена;Нет линка;17.08.2026 20:00;17.08.2026 22:00;Зюзино;Город Москва, ул.Херсонская, д. 12 к 5, кв. 316;Зуев Павел;Нет
305875015;Локальная заявка;В работе;Нет линка;17.08.2026 18:00;17.08.2026 20:00;Нагорный;Город Москва, б-р.Симферопольский, д. 24 к 6, кв. 98;Тихонов Никита;Нет
305978853;Локальная заявка;Выполнена;Нет линка;17.08.2026 10:00;17.08.2026 12:00;Нагорный;Город Москва, б-р.Симферопольский, д. 15 к 5, кв. 88;Тихонов Никита;Нет
305901515;Локальная заявка;Выполнена;Нет линка;17.08.2026 12:00;17.08.2026 14:00;Даниловский;Город Москва, пр-кт.Андропова, д. 6, кв. 299;Захаров Глеб;Нет
305917809;Локальная заявка;Выполнена;Разрывы;17.08.2026 16:00;17.08.2026 18:00;Нагатинский Затон;Город Москва, ул.Коломенская, д. 17, кв. 128;Быков Степан;Нет
305962750;Локальная заявка;Выполнена;Нет линка;17.08.2026 12:00;17.08.2026 14:00;Нагатинский Затон;Город Москва, ул.Якорная, д. 5 к 1, кв. 48;Быков Степан;Нет
305884474;Локальная заявка;Выполнена;Нет линка;17.08.2026 10:00;17.08.2026 12:00;Нагатино - Садовники;Город Москва, проезд.Коломенский, д. 3А, кв. 246;Лазарев Михаил;Нет
305972579;Локальная заявка;Выполнена;Нет линка;17.08.2026 20:00;17.08.2026 22:00;Нагатинский Затон;Город Москва, б-р.Кленовый, д. 23 к 2, кв. 154;Лазарев Михаил;Нет
305898532;Локальная заявка;Выполнена;Нет линка;17.08.2026 14:00;17.08.2026 16:00;Даниловский;Город Москва, ул.Хавская, д. 9, кв. 120;Медведев Максим;Нет
305928832;Локальная заявка;Выполнена;IP-адрес 169...;17.08.2026 18:00;17.08.2026 20:00;Донской;Город Москва, пр-кт.Севастопольский, д. 7/6 к 1, кв. 96;Медведев Максим;Нет
305955720;Локальная заявка;Выполнена;Роутер. Замена техническим специалистом;17.08.2026 12:00;17.08.2026 14:00;Даниловский;Город Москва, проезд.Павелецкий 3-й, д. 3, кв. 9;Медведев Максим;Нет
305852252;Локальная заявка;Выполнена;IP-адрес 169...;17.08.2026 10:00;17.08.2026 12:00;Замоскворечье;Город Москва, ул.Большая Серпуховская, д. 36, кв. 113;Медведев Максим;Нет
305881434;Локальная заявка;Выполнена;Разрывы;17.08.2026 16:00;17.08.2026 18:00;Даниловский;Город Москва, ул.Малая Тульская, д. 2/1 к 20, кв. 67;Медведев Максим;Нет
305832913;Локальная заявка;Выполнена;ТВ. Замена приставки техником;17.08.2026 16:00;17.08.2026 18:00;Даниловский;Город Москва, ул.Ленинская Слобода, д. 26 стр. 2, кв. 43;Медведев Максим;Нет
305889700;Локальная заявка;Выполнена;Рост ошибок на порту;17.08.2026 10:00;17.08.2026 12:00;Академический;Город Москва, ул.Большая Черёмушкинская, д. 6 к 2, кв. 172;Карпов Игорь;Нет
305999223;Локальная заявка;Выполнена;Работа с кабелем;17.08.2026 16:00;17.08.2026 18:00;Академический;Город Москва, ул.Кедрова, д. 11, кв. 67;Карпов Игорь;Нет
305948273;Локальная заявка;Выполнена;ТВ. Замена приставки техником;17.08.2026 14:00;17.08.2026 16:00;Академический;Город Москва, пр-кт.Нахимовский, д. 63, кв. 191;Карпов Игорь;Нет
305899036;Локальная заявка;Выполнена;Переключение на Гбит/с;17.08.2026 18:00;17.08.2026 20:00;Зюзино;Город Москва, б-р.Чонгарский, д. 21, кв. 154;Алексеев Артём;Нет
305989157;Локальная заявка;Выполнена;Переключение на Гбит/с;17.08.2026 14:00;17.08.2026 16:00;Замоскворечье;Город Москва, ул.Житная, д. 4, кв. 24;Алексеев Артём;Нет
305904461;Локальная заявка;Выполнена;Переключение на Гбит/с;17.08.2026 10:00;17.08.2026 12:00;Котловка;Город Москва, ул.Нагорная, д. 17 к 5, кв. 259;Алексеев Артём;Нет
305954942;Локальная заявка;Выполнена;Работа с кабелем;17.08.2026 16:00;17.08.2026 18:00;Нагорный;Город Москва, ш.Варшавское (дублёр), д. 91/1, кв. 109;Алексеев Артём;Нет
305968350;Локальная заявка;Выполнена;IP-адрес 169...;17.08.2026 14:00;17.08.2026 16:00;Зюзино;Город Москва, ул.Каховка, д. 12 к 1, кв. 228;Зуев Павел;Нет
305824207;Глобальная проблема;Выполнена;Информация;17.08.2026 14:00;17.08.2026 16:00;Гагаринский;Город Москва, пр-кт.Ломоносовский (дублёр), д. 17;Волков Олег;Нет
